codigo,product_name,color_code,thickness,unidad,saldoin_cantidad,saldoin_valor,entrada_cantidad,entrada_valor,salida_cantidad,salida_valor,saldout_cantidad,saldout_valor,categoria,sub_categoria,balance_consistent
01-24-26,ROJO,3017,2/18,KILOS,0.5,0.5,0.0,0.0,0.5,0.5,0.0,0.0,1 - ALMACEN PRODUCTO TERMINADO,1 - TITULO 2/18,True
01-24-28,CONFITE,2002,2/18,KILOS,0.5,0.5,0.0,0.0,0.5,0.5,0.0,0.0,1 - ALMACEN PRODUCTO TERMINADO,1 - TITULO 2/18,True
01-24-35,KANTUTA,3045,2/18,KILOS,1.0,1.0,0.0,0.0,1.0,1.0,0.0,0.0,1 - ALMACEN PRODUCTO TERMINADO,1 - TITULO 2/18,True
01-24-39,CICLAN,2004,2/18,KILOS,1.0,1.0,0.0,0.0,1.0,1.0,0.0,0.0,1 - ALMACEN PRODUCTO TERMINADO,1 - TITULO 2/18,True
01-24-45-1,ROSADO BB,2001,2/18,KILOS,0.5,0.5,0.0,0.0,0.5,0.5,0.0,0.0,1 - ALMACEN PRODUCTO TERMINADO,1 - TITULO 2/18,True
01-24-54-1,AMARILLO PATO,0027,2/18,KILOS,11.0,11.0,0.0,0.0,11.0,11.0,0.0,0.0,1 - ALMACEN PRODUCTO TERMINADO,1 - TITULO 2/18,True
01-24-58,CARTON AMARILLO,6004,2/18,KILOS,1.0,1.0,0.0,0.0,1.0,1.0,0.0,0.0,1 - ALMACEN PRODUCTO TERMINADO,1 - TITULO 2/18,True
01-25-01,VICUÑA,6011,2/18,KILOS,0.0,0.0,204.0,204.0,204.0,204.0,0.0,0.0,1 - ALMACEN PRODUCTO TERMINADO,1 - TITULO 2/18,True
01-25-04,FUCSIA,3049,2/18,KILOS,0.0,0.0,204.0,204.0,204.0,204.0,0.0,0.0,1 - ALMACEN PRODUCTO TERMINADO,1 - TITULO 2/18,True
01-25-05,AZUL PETROLEO,7009,2/18,KILOS,0.0,0.0,204.0,204.0,204.0,204.0,0.0,0.0,1 - ALMACEN PRODUCTO TERMINADO,1 - TITULO 2/18,True
01-25-07,VERDE BANDERA,4010,2/18,KILOS,0.0,0.0,204.0,204.0,204.0,204.0,0.0,0.0,1 - ALMACEN PRODUCTO TERMINADO,1 - TITULO 2/18,True
01-25-09,ROJO,3006,2/18,KILOS,0.0,0.0,203.5,203.5,203.5,203.5,0.0,0.0,1 - ALMACEN PRODUCTO TERMINADO,1 - TITULO 2/18,True
01-25-11,FUCSIA,3049,2/18,KILOS,0.0,0.0,204.0,204.0,204.0,204.0,0.0,0.0,1 - ALMACEN PRODUCTO TERMINADO,1 - TITULO 2/18,True
01-25-12,ROJO,3017,2/18,KILOS,0.0,0.0,204.0,204.0,204.0,204.0,0.0,0.0,1 - ALMACEN PRODUCTO TERMINADO,1 - TITULO 2/18,True
01-25-13,CALIPSO,7008,2/18,KILOS,0.0,0.0,204.5,204.5,204.5,204.5,0.0,0.0,1 - ALMACEN PRODUCTO TERMINADO,1 - TITULO 2/18,True
01-25-18,VICUÑA,6011,2/18,KILOS,0.0,0.0,204.0,204.0,204.0,204.0,0.0,0.0,1 - ALMACEN PRODUCTO TERMINADO,1 - TITULO 2/18,True
01-25-20,BLANCO,0010,2/18,KILOS,0.0,0.0,204.0,204.0,204.0,204.0,0.0,0.0,1 - ALMACEN PRODUCTO TERMINADO,1 - TITULO 2/18,True
01-25-22,BLANCO,0010,2/18,KILOS,0.0,0.0,204.0,204.0,204.0,204.0,0.0,0.0,1 - ALMACEN PRODUCTO TERMINADO,1 - TITULO 2/18,True
01-25-23,BLANCO,0010,2/18,KILOS,0.0,0.0,204.0,204.0,203.5,203.5,0.5,0.5,1 - ALMACEN PRODUCTO TERMINADO,1 - TITULO 2/18,True
01-25-24,KANTUTA,3045,2/18,KILOS,0.0,0.0,204.0,204.0,204.0,204.0,0.0,0.0,1 - ALMACEN PRODUCTO TERMINADO,1 - TITULO 2/18,True
01-25-25,CLAVEL,3034,2/18,KILOS,0.0,0.0,204.5,204.5,204.5,204.5,0.0,0.0,1 - ALMACEN PRODUCTO TERMINADO,1 - TITULO 2/18,True
01-25-31,TURQUEZA,7003,2/18,KILOS,0.0,0.0,204.5,204.5,204.5,204.5,0.0,0.0,1 - ALMACEN PRODUCTO TERMINADO,1 - TITULO 2/18,True
01-25-32,CALIPSO,7008,2/18,KILOS,0.0,0.0,204.0,204.0,204.0,204.0,0.0,0.0,1 - ALMACEN PRODUCTO TERMINADO,1 - TITULO 2/18,True
01-25-34,FUCSIA,3009,2/18,KILOS,0.0,0.0,204.0,204.0,204.0,204.0,0.0,0.0,1 - ALMACEN PRODUCTO TERMINADO,1 - TITULO 2/18,True
01-25-36,CLAVEL,3034,2/18,KILOS,0.0,0.0,203.5,203.5,203.5,203.5,0.0,0.0,1 - ALMACEN PRODUCTO TERMINADO,1 - TITULO 2/18,True
01-25-38,KANTUTA,3045,2/18,KILOS,0.0,0.0,204.0,204.0,204.0,204.0,0.0,0.0,1 - ALMACEN PRODUCTO TERMINADO,1 - TITULO 2/18,True
01-25-40,VICUÑA,6007,2/18,KILOS,0.0,0.0,204.5,204.5,204.5,204.5,0.0,0.0,1 - ALMACEN PRODUCTO TERMINADO,1 - TITULO 2/18,True
01-25-44,BLANCO,0010,2/18,KILOS,0.0,0.0,204.5,204.5,204.0,204.0,0.5,0.5,1 - ALMACEN PRODUCTO TERMINADO,1 - TITULO 2/18,True
01-25-45,AZUL PETROLEO,7009,2/18,KILOS,0.0,0.0,205.0,205.0,205.0,205.0,0.0,0.0,1 - ALMACEN PRODUCTO TERMINADO,1 - TITULO 2/18,True
01-25-47,SALMON,3003,2/18,KILOS,0.0,0.0,204.0,204.0,204.0,204.0,0.0,0.0,1 - ALMACEN PRODUCTO TERMINADO,1 - TITULO 2/18,True
01-25-49,CICLAN,2005,2/18,KILOS,0.0,0.0,204.0,204.0,204.0,204.0,0.0,0.0,1 - ALMACEN PRODUCTO TERMINADO,1 - TITULO 2/18,True
01-25-51,CARTON AMARILLO,6004,2/18,KILOS,0.0,0.0,204.0,204.0,204.0,204.0,0.0,0.0,1 - ALMACEN PRODUCTO TERMINADO,1 - TITULO 2/18,True
01-25-53,GUINDO,3033,2/18,KILOS,0.0,0.0,204.0,204.0,204.0,204.0,0.0,0.0,1 - ALMACEN PRODUCTO TERMINADO,1 - TITULO 2/18,True
01-25-57,CARTON AMARILLO,6004,2/18,KILOS,0.0,0.0,204.0,204.0,204.0,204.0,0.0,0.0,1 - ALMACEN PRODUCTO TERMINADO,1 - TITULO 2/18,True
01-25-59,LILA BAJO,7018,2/18,KILOS,0.0,0.0,204.5,204.5,204.5,204.5,0.0,0.0,1 - ALMACEN PRODUCTO TERMINADO,1 - TITULO 2/18,True
02-24-04,CARTON AMARILLO,6004,2/18,KILOS,0.5,0.5,0.0,0.0,0.5,0.5,0.0,0.0,1 - ALMACEN PRODUCTO TERMINADO,1 - TITULO 2/18,True
02-24-15,AZUL PETROLEO,7009,2/18,KILOS,0.5,0.5,0.0,0.0,0.5,0.5,0.0,0.0,1 - ALMACEN PRODUCTO TERMINADO,1 - TITULO 2/18,True
02-24-20,MARFIL,0022,2/18,KILOS,1.0,1.0,0.0,0.0,1.0,1.0,0.0,0.0,1 - ALMACEN PRODUCTO TERMINADO,1 - TITULO 2/18,True
02-24-22,KANTUTA,3045,2/18,KILOS,1.0,1.0,0.0,0.0,1.0,1.0,0.0,0.0,1 - ALMACEN PRODUCTO TERMINADO,1 - TITULO 2/18,True
02-24-26,VERDE BB,4001,2/18,KILOS,0.5,0.5,0.0,0.0,0.5,0.5,0.0,0.0,1 - ALMACEN PRODUCTO TERMINADO,1 - TITULO 2/18,True
02-24-48,PLOMO,8010,2/18,KILOS,0.5,0.5,0.0,0.0,0.5,0.5,0.0,0.0,1 - ALMACEN PRODUCTO TERMINADO,1 - TITULO 2/18,True
02-25-02,CALIPSO,7008,2/18,KILOS,0.0,0.0,203.5,203.5,203.5,203.5,0.0,0.0,1 - ALMACEN PRODUCTO TERMINADO,1 - TITULO 2/18,True
02-25-04,AZUL MARINO,7013,2/18,KILOS,0.0,0.0,204.0,204.0,204.0,204.0,0.0,0.0,1 - ALMACEN PRODUCTO TERMINADO,1 - TITULO 2/18,True
02-25-06,NEGRO,5000,2/18,KILOS,0.0,0.0,204.0,204.0,204.0,204.0,0.0,0.0,1 - ALMACEN PRODUCTO TERMINADO,1 - TITULO 2/18,True
02-25-08,ROJO,3006,2/18,KILOS,0.0,0.0,204.0,204.0,204.0,204.0,0.0,0.0,1 - ALMACEN PRODUCTO TERMINADO,1 - TITULO 2/18,True
02-25-09,KANTUTA,3018,2/18,KILOS,0.0,0.0,204.0,204.0,204.0,204.0,0.0,0.0,1 - ALMACEN PRODUCTO TERMINADO,1 - TITULO 2/18,True
02-25-14,BLANCO,0010,2/18,KILOS,0.0,0.0,204.0,204.0,203.5,203.5,0.5,0.5,1 - ALMACEN PRODUCTO TERMINADO,1 - TITULO 2/18,True
02-25-17,VERDE BANDERA,4010,2/18,KILOS,0.0,0.0,203.5,203.5,203.5,203.5,0.0,0.0,1 - ALMACEN PRODUCTO TERMINADO,1 - TITULO 2/18,True
02-25-18,AZUL PETROLEO,7009,2/18,KILOS,0.0,0.0,204.0,204.0,204.0,204.0,0.0,0.0,1 - ALMACEN PRODUCTO TERMINADO,1 - TITULO 2/18,True
02-25-20,FUSIA,3049,2/18,KILOS,0.0,0.0,204.0,204.0,204.0,204.0,0.0,0.0,1 - ALMACEN PRODUCTO TERMINADO,1 - TITULO 2/18,True
02-25-22,KANTUTA,3018,2/18,KILOS,0.0,0.0,204.0,204.0,204.0,204.0,0.0,0.0,1 - ALMACEN PRODUCTO TERMINADO,1 - TITULO 2/18,True
02-25-25,VICUÑA,6007,2/18,KILOS,0.0,0.0,204.0,204.0,204.0,204.0,0.0,0.0,1 - ALMACEN PRODUCTO TERMINADO,1 - TITULO 2/18,True
02-25-26,CARTON AMARILLO,6004,2/18,KILOS,0.0,0.0,203.5,203.5,203.5,203.5,0.0,0.0,1 - ALMACEN PRODUCTO TERMINADO,1 - TITULO 2/18,True
02-25-28,CONFITE,2008,2/18,KILOS,0.0,0.0,204.0,204.0,204.0,204.0,0.0,0.0,1 - ALMACEN PRODUCTO TERMINADO,1 - TITULO 2/18,True
02-25-29,CONFITE,2003,2/18,KILOS,0.0,0.0,204.0,204.0,204.0,204.0,0.0,0.0,1 - ALMACEN PRODUCTO TERMINADO,1 - TITULO 2/18,True
02-25-31,ROJO,3006,2/18,KILOS,0.0,0.0,204.0,204.0,204.0,204.0,0.0,0.0,1 - ALMACEN PRODUCTO TERMINADO,1 - TITULO 2/18,True
02-25-32,KANTUTA,3045,2/18,KILOS,0.0,0.0,204.0,204.0,204.0,204.0,0.0,0.0,1 - ALMACEN PRODUCTO TERMINADO,1 - TITULO 2/18,True
02-25-35,CONFITE,2008,2/18,KILOS,0.0,0.0,204.0,204.0,204.0,204.0,0.0,0.0,1 - ALMACEN PRODUCTO TERMINADO,1 - TITULO 2/18,True
02-25-36,SANDIA,3004,2/18,KILOS,0.0,0.0,204.0,204.0,204.0,204.0,0.0,0.0,1 - ALMACEN PRODUCTO TERMINADO,1 - TITULO 2/18,True
02-25-39,BLANCO,0010,2/18,KILOS,0.0,0.0,204.0,204.0,204.0,204.0,0.0,0.0,1 - ALMACEN PRODUCTO TERMINADO,1 - TITULO 2/18,True
02-25-41-1,AZUL PASTEL,7012,2/18,KILOS,0.0,0.0,203.5,203.5,203.5,203.5,0.0,0.0,1 - ALMACEN PRODUCTO TERMINADO,1 - TITULO 2/18,True
02-25-44,AZUL PETROLEO,7009,2/18,KILOS,0.0,0.0,204.0,204.0,204.0,204.0,0.0,0.0,1 - ALMACEN PRODUCTO TERMINADO,1 - TITULO 2/18,True
02-25-46,VERDE BANDERA,4010,2/18,KILOS,0.0,0.0,204.0,204.0,204.0,204.0,0.0,0.0,1 - ALMACEN PRODUCTO TERMINADO,1 - TITULO 2/18,True
02-25-47,VICUÑA,6007,2/18,KILOS,0.0,0.0,204.0,204.0,204.0,204.0,0.0,0.0,1 - ALMACEN PRODUCTO TERMINADO,1 - TITULO 2/18,True
02-25-49,BLANCO,0010,2/18,KILOS,0.0,0.0,204.0,204.0,204.0,204.0,0.0,0.0,1 - ALMACEN PRODUCTO TERMINADO,1 - TITULO 2/18,True
02-25-53,CALIPSO CLARO,7098,2/18,KILOS,0.0,0.0,204.0,204.0,204.0,204.0,0.0,0.0,1 - ALMACEN PRODUCTO TERMINADO,1 - TITULO 2/18,True
02-25-54,VERDE LECHUGA,4007,2/18,KILOS,0.0,0.0,204.0,204.0,204.0,204.0,0.0,0.0,1 - ALMACEN PRODUCTO TERMINADO,1 - TITULO 2/18,True
02-25-55,CICLAN,2004,2/18,KILOS,0.0,0.0,204.0,204.0,204.0,204.0,0.0,0.0,1 - ALMACEN PRODUCTO TERMINADO,1 - TITULO 2/18,True
02-25-57,NARANJA,1020,2/18,KILOS,0.0,0.0,204.0,204.0,204.0,204.0,0.0,0.0,1 - ALMACEN PRODUCTO TERMINADO,1 - TITULO 2/18,True
02-25-59,GUINDO ESCOLAR,3042,2/18,KILOS,0.0,0.0,204.5,204.5,204.0,204.0,0.5,0.5,1 - ALMACEN PRODUCTO TERMINADO,1 - TITULO 2/18,True
02-25-60,VERDE COCA,4036,2/18,KILOS,0.0,0.0,204.0,204.0,204.0,204.0,0.0,0.0,1 - ALMACEN PRODUCTO TERMINADO,1 - TITULO 2/18,True
02-25-61,VERDE MEDIO,4029,2/18,KILOS,0.0,0.0,203.5,203.5,203.5,203.5,0.0,0.0,1 - ALMACEN PRODUCTO TERMINADO,1 - TITULO 2/18,True
02-25-62,CONFITE,2008,2/18,KILOS,0.0,0.0,205.0,205.0,205.0,205.0,0.0,0.0,1 - ALMACEN PRODUCTO TERMINADO,1 - TITULO 2/18,True
02-25-66,CICLAN OSC.,2005,2/18,KILOS,0.0,0.0,204.5,204.5,204.0,204.0,0.5,0.5,1 - ALMACEN PRODUCTO TERMINADO,1 - TITULO 2/18,True
02-25-67,BLANCO,0010,2/18,KILOS,0.0,0.0,204.0,204.0,204.0,204.0,0.0,0.0,1 - ALMACEN PRODUCTO TERMINADO,1 - TITULO 2/18,True
02-25-69,GUINDO,3033,2/18,KILOS,0.0,0.0,204.0,204.0,204.0,204.0,0.0,0.0,1 - ALMACEN PRODUCTO TERMINADO,1 - TITULO 2/18,True
02-25-72,ROJO,3006,2/18,KILOS,0.0,0.0,204.0,204.0,204.0,204.0,0.0,0.0,1 - ALMACEN PRODUCTO TERMINADO,1 - TITULO 2/18,True
02-25-73,VERDE LECHUGA,4008,2/18,KILOS,0.0,0.0,204.0,204.0,204.0,204.0,0.0,0.0,1 - ALMACEN PRODUCTO TERMINADO,1 - TITULO 2/18,True
02-25-75,BLANCO,0010,2/18,KILOS,0.0,0.0,204.0,204.0,204.0,204.0,0.0,0.0,1 - ALMACEN PRODUCTO TERMINADO,1 - TITULO 2/18,True
02-25-76,BLANCO,0010,2/18,KILOS,0.0,0.0,204.0,204.0,204.0,204.0,0.0,0.0,1 - ALMACEN PRODUCTO TERMINADO,1 - TITULO 2/18,True
02-25-79,BLANCO,0010,2/18,KILOS,0.0,0.0,203.5,203.5,203.5,203.5,0.0,0.0,1 - ALMACEN PRODUCTO TERMINADO,1 - TITULO 2/18,True
02-25-83,CONFITE,2008,2/18,KILOS,0.0,0.0,204.0,204.0,204.0,204.0,0.0,0.0,1 - ALMACEN PRODUCTO TERMINADO,1 - TITULO 2/18,True
02-25-85,GUINDO,3027,2/18,KILOS,0.0,0.0,204.0,204.0,204.0,204.0,0.0,0.0,1 - ALMACEN PRODUCTO TERMINADO,1 - TITULO 2/18,True
02-25-87,LILA BAJO,7018,2/18,KILOS,0.0,0.0,204.0,204.0,204.0,204.0,0.0,0.0,1 - ALMACEN PRODUCTO TERMINADO,1 - TITULO 2/18,True
02-25-88,MANZANA,4037,2/18,KILOS,0.0,0.0,203.5,203.5,203.5,203.5,0.0,0.0,1 - ALMACEN PRODUCTO TERMINADO,1 - TITULO 2/18,True
03-24-02,VERDE COCA,4036,2/18,KILOS,0.5,0.5,0.0,0.0,0.5,0.5,0.0,0.0,1 - ALMACEN PRODUCTO TERMINADO,1 - TITULO 2/18,True
03-24-03-1,CONFITE,2007,2/18,KILOS,0.5,0.5,0.0,0.0,0.0,0.0,0.5,0.5,1 - ALMACEN PRODUCTO TERMINADO,1 - TITULO 2/18,True
03-24-13,MOSTAZA,1027,2/18,KILOS,0.5,0.5,0.0,0.0,0.5,0.5,0.0,0.0,1 - ALMACEN PRODUCTO TERMINADO,1 - TITULO 2/18,True
03-24-16,VERDE BOTELLA,4011,2/18,KILOS,0.5,0.5,0.0,0.0,0.5,0.5,0.0,0.0,1 - ALMACEN PRODUCTO TERMINADO,1 - TITULO 2/18,True
03-24-27,FUCSIA,3049,2/18,KILOS,0.5,0.5,0.0,0.0,0.5,0.5,0.0,0.0,1 - ALMACEN PRODUCTO TERMINADO,1 - TITULO 2/18,True
03-24-35,BLANCO,0010,2/18,KILOS,0.5,0.5,0.0,0.0,0.5,0.5,0.0,0.0,1 - ALMACEN PRODUCTO TERMINADO,1 - TITULO 2/18,True
03-24-43,ROJO OSC.,3041,2/18,KILOS,0.5,0.5,0.0,0.0,0.5,0.5,0.0,0.0,1 - ALMACEN PRODUCTO TERMINADO,1 - TITULO 2/18,True
03-24-46-1,CICLAN BAJO,2011,2/18,KILOS,0.5,0.5,0.0,0.0,0.5,0.5,0.0,0.0,1 - ALMACEN PRODUCTO TERMINADO,1 - TITULO 2/18,True
03-25-02,PLOMO PLATA,8009,2/18,KILOS,0.0,0.0,204.0,204.0,204.0,204.0,0.0,0.0,1 - ALMACEN PRODUCTO TERMINADO,1 - TITULO 2/18,True
03-25-05,PLOMO,8010,2/18,KILOS,0.0,0.0,204.5,204.5,204.0,204.0,0.5,0.5,1 - ALMACEN PRODUCTO TERMINADO,1 - TITULO 2/18,True
03-25-06,BLANCO,0010,2/18,KILOS,0.0,0.0,203.5,203.5,203.5,203.5,0.0,0.0,1 - ALMACEN PRODUCTO TERMINADO,1 - TITULO 2/18,True
03-25-09,CALIPSO,7008,2/18,KILOS,0.0,0.0,204.0,204.0,204.0,204.0,0.0,0.0,1 - ALMACEN PRODUCTO TERMINADO,1 - TITULO 2/18,True
03-25-10,FUCSIA,3039,2/18,KILOS,0.0,0.0,204.0,204.0,203.5,203.5,0.5,0.5,1 - ALMACEN PRODUCTO TERMINADO,1 - TITULO 2/18,True
03-25-11,AZUL PASTEL,7012,2/18,KILOS,0.0,0.0,204.0,204.0,204.0,204.0,0.0,0.0,1 - ALMACEN PRODUCTO TERMINADO,1 - TITULO 2/18,True
03-25-13,FUCSIA,3010,2/18,KILOS,0.0,0.0,204.0,204.0,204.0,204.0,0.0,0.0,1 - ALMACEN PRODUCTO TERMINADO,1 - TITULO 2/18,True
03-25-14,ROJO VINO,3011,2/18,KILOS,0.0,0.0,204.0,204.0,204.0,204.0,0.0,0.0,1 - ALMACEN PRODUCTO TERMINADO,1 - TITULO 2/18,True
03-25-16,GUINDO,3027,2/18,KILOS,0.0,0.0,204.0,204.0,204.0,204.0,0.0,0.0,1 - ALMACEN PRODUCTO TERMINADO,1 - TITULO 2/18,True
03-25-18,ROJO,3006,2/18,KILOS,0.0,0.0,204.0,204.0,204.0,204.0,0.0,0.0,1 - ALMACEN PRODUCTO TERMINADO,1 - TITULO 2/18,True
03-25-19,CONFITE,2008,2/18,KILOS,0.0,0.0,204.0,204.0,204.0,204.0,0.0,0.0,1 - ALMACEN PRODUCTO TERMINADO,1 - TITULO 2/18,True
03-25-21,AZUL PASTEL,7012,2/18,KILOS,0.0,0.0,204.0,204.0,204.0,204.0,0.0,0.0,1 - ALMACEN PRODUCTO TERMINADO,1 - TITULO 2/18,True
03-25-25,NEGRO,5000,2/18,KILOS,0.0,0.0,204.0,204.0,204.0,204.0,0.0,0.0,1 - ALMACEN PRODUCTO TERMINADO,1 - TITULO 2/18,True
03-25-26,TURQUEZA,7003,2/18,KILOS,0.0,0.0,203.5,203.5,203.5,203.5,0.0,0.0,1 - ALMACEN PRODUCTO TERMINADO,1 - TITULO 2/18,True
03-25-28,VICUÑA,6026,2/18,KILOS,0.0,0.0,204.0,204.0,204.0,204.0,0.0,0.0,1 - ALMACEN PRODUCTO TERMINADO,1 - TITULO 2/18,True
03-25-30,VERDE OLIVO,4052,2/18,KILOS,0.0,0.0,204.0,204.0,204.0,204.0,0.0,0.0,1 - ALMACEN PRODUCTO TERMINADO,1 - TITULO 2/18,True
03-25-31,NARANJA,1013,2/18,KILOS,0.0,0.0,204.0,204.0,204.0,204.0,0.0,0.0,1 - ALMACEN PRODUCTO TERMINADO,1 - TITULO 2/18,True
03-25-33,VERDE COCA,4036,2/18,KILOS,0.0,0.0,204.0,204.0,204.0,204.0,0.0,0.0,1 - ALMACEN PRODUCTO TERMINADO,1 - TITULO 2/18,True
03-25-34,NEGRO,5000,2/18,KILOS,0.0,0.0,204.0,204.0,204.0,204.0,0.0,0.0,1 - ALMACEN PRODUCTO TERMINADO,1 - TITULO 2/18,True
03-25-38,TURQUEZA,7003,2/18,KILOS,0.0,0.0,204.0,204.0,203.5,203.5,0.5,0.5,1 - ALMACEN PRODUCTO TERMINADO,1 - TITULO 2/18,True
03-25-40,VERDE LECHUGA,4034,2/18,KILOS,0.0,0.0,204.0,204.0,204.0,204.0,0.0,0.0,1 - ALMACEN PRODUCTO TERMINADO,1 - TITULO 2/18,True
03-25-41,VERDE COCA,4036,2/18,KILOS,0.0,0.0,204.0,204.0,204.0,204.0,0.0,0.0,1 - ALMACEN PRODUCTO TERMINADO,1 - TITULO 2/18,True
03-25-42,AMARILLO CANARIO,0021,2/18,KILOS,0.0,0.0,204.0,204.0,204.0,204.0,0.0,0.0,1 - ALMACEN PRODUCTO TERMINADO,1 - TITULO 2/18,True
03-25-44,BLANCO,0010,2/18,KILOS,0.0,0.0,204.0,204.0,204.0,204.0,0.0,0.0,1 - ALMACEN PRODUCTO TERMINADO,1 - TITULO 2/18,True
03-25-46,TURQUEZA,7003,2/18,KILOS,0.0,0.0,204.0,204.0,203.5,203.5,0.5,0.5,1 - ALMACEN PRODUCTO TERMINADO,1 - TITULO 2/18,True
03-25-48,VERDE BOTELLA,4011,2/18,KILOS,0.0,0.0,203.5,203.5,203.5,203.5,0.0,0.0,1 - ALMACEN PRODUCTO TERMINADO,1 - TITULO 2/18,True
03-25-51,ROJO SANDIA,3023,2/18,KILOS,0.0,0.0,204.0,204.0,204.0,204.0,0.0,0.0,1 - ALMACEN PRODUCTO TERMINADO,1 - TITULO 2/18,True
03-25-52,NEGRO,5000,2/18,KILOS,0.0,0.0,204.0,204.0,204.0,204.0,0.0,0.0,1 - ALMACEN PRODUCTO TERMINADO,1 - TITULO 2/18,True
03-25-54,VERDE MEDIO,4029,2/18,KILOS,0.0,0.0,204.0,204.0,204.0,204.0,0.0,0.0,1 - ALMACEN PRODUCTO TERMINADO,1 - TITULO 2/18,True
03-25-55,SANDIA,3004,2/18,KILOS,0.0,0.0,204.0,204.0,204.0,204.0,0.0,0.0,1 - ALMACEN PRODUCTO TERMINADO,1 - TITULO 2/18,True
03-25-57,AZUL PETROLEO,7009,2/18,KILOS,0.0,0.0,204.0,204.0,204.0,204.0,0.0,0.0,1 - ALMACEN PRODUCTO TERMINADO,1 - TITULO 2/18,True
04-24-03,FUCSIA,3009,2/18,KILOS,0.5,0.5,0.0,0.0,0.5,0.5,0.0,0.0,1 - ALMACEN PRODUCTO TERMINADO,1 - TITULO 2/18,True
04-24-06,SALMON,3030,2/18,KILOS,0.5,0.5,0.0,0.0,0.5,0.5,0.0,0.0,1 - ALMACEN PRODUCTO TERMINADO,1 - TITULO 2/18,True
04-24-22,GUINDO,3027,2/18,KILOS,0.5,0.5,0.0,0.0,0.5,0.5,0.0,0.0,1 - ALMACEN PRODUCTO TERMINADO,1 - TITULO 2/18,True
04-24-53,VERDE MEDIO,4029,2/18,KILOS,0.5,0.5,0.0,0.0,0.5,0.5,0.0,0.0,1 - ALMACEN PRODUCTO TERMINADO,1 - TITULO 2/18,True
04-24-70,CALIPSO,7008,2/18,KILOS,1.0,1.0,0.0,0.0,1.0,1.0,0.0,0.0,1 - ALMACEN PRODUCTO TERMINADO,1 - TITULO 2/18,True
04-24-80,KANTUTA,3045,2/18,KILOS,0.5,0.5,0.0,0.0,0.5,0.5,0.0,0.0,1 - ALMACEN PRODUCTO TERMINADO,1 - TITULO 2/18,True
04-25-01,ROJO,3006,2/18,KILOS,0.0,0.0,204.0,204.0,204.0,204.0,0.0,0.0,1 - ALMACEN PRODUCTO TERMINADO,1 - TITULO 2/18,True
04-25-02,CONFITE,2003,2/18,KILOS,0.0,0.0,204.0,204.0,204.0,204.0,0.0,0.0,1 - ALMACEN PRODUCTO TERMINADO,1 - TITULO 2/18,True
04-25-06,CALIPSO,7008,2/18,KILOS,0.0,0.0,204.0,204.0,204.0,204.0,0.0,0.0,1 - ALMACEN PRODUCTO TERMINADO,1 - TITULO 2/18,True
04-25-08,BLANCO,0010,2/18,KILOS,0.0,0.0,203.5,203.5,203.5,203.5,0.0,0.0,1 - ALMACEN PRODUCTO TERMINADO,1 - TITULO 2/18,True
04-25-09,FUCSIA,3009,2/18,KILOS,0.0,0.0,203.5,203.5,203.5,203.5,0.0,0.0,1 - ALMACEN PRODUCTO TERMINADO,1 - TITULO 2/18,True
04-25-10,VICUÑA,6011,2/18,KILOS,0.0,0.0,204.0,204.0,204.0,204.0,0.0,0.0,1 - ALMACEN PRODUCTO TERMINADO,1 - TITULO 2/18,True
04-25-12,NEGRO,5000,2/18,KILOS,0.0,0.0,204.0,204.0,204.0,204.0,0.0,0.0,1 - ALMACEN PRODUCTO TERMINADO,1 - TITULO 2/18,True
04-25-13,VICUÑA,6026,2/18,KILOS,0.0,0.0,204.0,204.0,204.0,204.0,0.0,0.0,1 - ALMACEN PRODUCTO TERMINADO,1 - TITULO 2/18,True
04-25-15,AZUL MARINO,7013,2/18,KILOS,0.0,0.0,204.0,204.0,204.0,204.0,0.0,0.0,1 - ALMACEN PRODUCTO TERMINADO,1 - TITULO 2/18,True
04-25-17,CARTON AMARILLO,6004,2/18,KILOS,0.0,0.0,204.0,204.0,204.0,204.0,0.0,0.0,1 - ALMACEN PRODUCTO TERMINADO,1 - TITULO 2/18,True
04-25-19,BLANCO,0010,2/18,KILOS,0.0,0.0,204.0,204.0,204.0,204.0,0.0,0.0,1 - ALMACEN PRODUCTO TERMINADO,1 - TITULO 2/18,True
04-25-21,VICUÑA,6011,2/18,KILOS,0.0,0.0,203.5,203.5,203.5,203.5,0.0,0.0,1 - ALMACEN PRODUCTO TERMINADO,1 - TITULO 2/18,True
04-25-22,VERDE LECHUGA,4034,2/18,KILOS,0.0,0.0,204.0,204.0,204.0,204.0,0.0,0.0,1 - ALMACEN PRODUCTO TERMINADO,1 - TITULO 2/18,True
04-25-24,VERDE BANDERA,4010,2/18,KILOS,0.0,0.0,204.0,204.0,204.0,204.0,0.0,0.0,1 - ALMACEN PRODUCTO TERMINADO,1 - TITULO 2/18,True
04-25-27,CONFITE,2002,2/18,KILOS,0.0,0.0,204.0,204.0,204.0,204.0,0.0,0.0,1 - ALMACEN PRODUCTO TERMINADO,1 - TITULO 2/18,True
04-25-28,SALMON,3030,2/18,KILOS,0.0,0.0,204.0,204.0,204.0,204.0,0.0,0.0,1 - ALMACEN PRODUCTO TERMINADO,1 - TITULO 2/18,True
04-25-30,PLOMO PLATA,8009,2/18,KILOS,0.0,0.0,204.0,204.0,204.0,204.0,0.0,0.0,1 - ALMACEN PRODUCTO TERMINADO,1 - TITULO 2/18,True
04-25-31,LIMON,0020,2/18,KILOS,0.0,0.0,204.0,204.0,204.0,204.0,0.0,0.0,1 - ALMACEN PRODUCTO TERMINADO,1 - TITULO 2/18,True
04-25-32,NEGRO,5000,2/18,KILOS,0.0,0.0,204.0,204.0,204.0,204.0,0.0,0.0,1 - ALMACEN PRODUCTO TERMINADO,1 - TITULO 2/18,True
04-25-35,AMARILLO ORO,0016,2/18,KILOS,0.0,0.0,204.0,204.0,204.0,204.0,0.0,0.0,1 - ALMACEN PRODUCTO TERMINADO,1 - TITULO 2/18,True
04-25-37,NARANJA,1023,2/18,KILOS,0.0,0.0,204.0,204.0,204.0,204.0,0.0,0.0,1 - ALMACEN PRODUCTO TERMINADO,1 - TITULO 2/18,True
04-25-39,CONFITE,2002,2/18,KILOS,0.0,0.0,203.5,203.5,203.5,203.5,0.0,0.0,1 - ALMACEN PRODUCTO TERMINADO,1 - TITULO 2/18,True
04-25-40,CLAVEL,3034,2/18,KILOS,0.0,0.0,204.0,204.0,0.0,0.0,204.0,204.0,1 - ALMACEN PRODUCTO TERMINADO,1 - TITULO 2/18,True
04-25-42,V. ESMERALDA,4033,2/18,KILOS,0.0,0.0,204.0,204.0,204.0,204.0,0.0,0.0,1 - ALMACEN PRODUCTO TERMINADO,1 - TITULO 2/18,True
04-25-45,V. ESMERALDA,4013,2/18,KILOS,0.0,0.0,204.0,204.0,204.0,204.0,0.0,0.0,1 - ALMACEN PRODUCTO TERMINADO,1 - TITULO 2/18,True
04-25-46,VERDE LECHUGA,4007,2/18,KILOS,0.0,0.0,204.0,204.0,204.0,204.0,0.0,0.0,1 - ALMACEN PRODUCTO TERMINADO,1 - TITULO 2/18,True
04-25-47,NEGRO,5000,2/18,KILOS,0.0,0.0,204.0,204.0,204.0,204.0,0.0,0.0,1 - ALMACEN PRODUCTO TERMINADO,1 - TITULO 2/18,True
04-25-48,VERDE LECHUGA,4034,2/18,KILOS,0.0,0.0,204.0,204.0,204.0,204.0,0.0,0.0,1 - ALMACEN PRODUCTO TERMINADO,1 - TITULO 2/18,True
04-25-49,AZUL PASTEL,7012,2/18,KILOS,0.0,0.0,204.0,204.0,204.0,204.0,0.0,0.0,1 - ALMACEN PRODUCTO TERMINADO,1 - TITULO 2/18,True
04-25-51,CICLAN,2004,2/18,KILOS,0.0,0.0,204.0,204.0,0.0,0.0,204.0,204.0,1 - ALMACEN PRODUCTO TERMINADO,1 - TITULO 2/18,True
04-25-53,KANTUTA,3018,2/18,KILOS,0.0,0.0,204.0,204.0,0.0,0.0,204.0,204.0,1 - ALMACEN PRODUCTO TERMINADO,1 - TITULO 2/18,True
04-25-57,KANTUTA,3018,2/18,KILOS,0.0,0.0,204.0,204.0,0.0,0.0,204.0,204.0,1 - ALMACEN PRODUCTO TERMINADO,1 - TITULO 2/18,True
05-24-37,CAFE ROJISO,6013,2/18,KILOS,1.5,1.5,0.0,0.0,1.5,1.5,0.0,0.0,1 - ALMACEN PRODUCTO TERMINADO,1 - TITULO 2/18,True
05-24-45,BEIGE,6021,2/18,KILOS,1.5,1.5,0.0,0.0,1.5,1.5,0.0,0.0,1 - ALMACEN PRODUCTO TERMINADO,1 - TITULO 2/18,True
05-24-47,CELESTE,7054,2/18,KILOS,0.5,0.5,0.0,0.0,0.5,0.5,0.0,0.0,1 - ALMACEN PRODUCTO TERMINADO,1 - TITULO 2/18,True
05-24-49,KANTUTA,3018,2/18,KILOS,6.0,6.0,0.0,0.0,6.0,6.0,0.0,0.0,1 - ALMACEN PRODUCTO TERMINADO,1 - TITULO 2/18,True
05-24-57,BLANCO,0010,2/18,KILOS,2.0,2.0,0.0,0.0,0.0,0.0,2.0,2.0,1 - ALMACEN PRODUCTO TERMINADO,1 - TITULO 2/18,True
05-24-59,BLANCO,0010,2/18,KILOS,0.5,0.5,0.0,0.0,0.5,0.5,0.0,0.0,1 - ALMACEN PRODUCTO TERMINADO,1 - TITULO 2/18,True
06-24-20,JADE,4048,2/18,KILOS,0.5,0.5,0.0,0.0,0.5,0.5,0.0,0.0,1 - ALMACEN PRODUCTO TERMINADO,1 - TITULO 2/18,True
06-24-23,GUINDO,3035,2/18,KILOS,0.5,0.5,0.0,0.0,0.5,0.5,0.0,0.0,1 - ALMACEN PRODUCTO TERMINADO,1 - TITULO 2/18,True
06-24-30,VICUÑA,6026,2/18,KILOS,0.5,0.5,0.0,0.0,0.5,0.5,0.0,0.0,1 - ALMACEN PRODUCTO TERMINADO,1 - TITULO 2/18,True
06-24-32,FUCSIA,3009,2/18,KILOS,1.0,1.0,0.0,0.0,1.0,1.0,0.0,0.0,1 - ALMACEN PRODUCTO TERMINADO,1 - TITULO 2/18,True
06-24-34,AZUL PASTEL,7012,2/18,KILOS,0.5,0.5,0.0,0.0,0.5,0.5,0.0,0.0,1 - ALMACEN PRODUCTO TERMINADO,1 - TITULO 2/18,True
06-24-37,NEGRO,5000,2/18,KILOS,1.0,1.0,0.0,0.0,1.0,1.0,0.0,0.0,1 - ALMACEN PRODUCTO TERMINADO,1 - TITULO 2/18,True
06-24-65,KANTUTA,3018,2/18,KILOS,0.5,0.5,0.0,0.0,0.5,0.5,0.0,0.0,1 - ALMACEN PRODUCTO TERMINADO,1 - TITULO 2/18,True
07-24-06,ROJO SANDIA,3023,2/18,KILOS,0.5,0.5,0.0,0.0,0.5,0.5,0.0,0.0,1 - ALMACEN PRODUCTO TERMINADO,1 - TITULO 2/18,True
07-24-09,VERDE COCA,4036,2/18,KILOS,0.5,0.5,0.0,0.0,0.5,0.5,0.0,0.0,1 - ALMACEN PRODUCTO TERMINADO,1 - TITULO 2/18,True
07-24-15,AZUL PASTEL,7012,2/18,KILOS,3.5,3.5,0.0,0.0,3.5,3.5,0.0,0.0,1 - ALMACEN PRODUCTO TERMINADO,1 - TITULO 2/18,True
07-24-30,BEIGE HUESO,6003,2/18,KILOS,0.5,0.5,0.0,0.0,0.5,0.5,0.0,0.0,1 - ALMACEN PRODUCTO TERMINADO,1 - TITULO 2/18,True
07-24-59,VERDE BANDERA,4010,2/18,KILOS,2.0,2.0,0.0,0.0,2.0,2.0,0.0,0.0,1 - ALMACEN PRODUCTO TERMINADO,1 - TITULO 2/18,True
07-24-67,ROJO,3006,2/18,KILOS,1.5,1.5,0.0,0.0,1.5,1.5,0.0,0.0,1 - ALMACEN PRODUCTO TERMINADO,1 - TITULO 2/18,True
08-24-02,NEGRO,5000,2/18,KILOS,0.5,0.5,0.0,0.0,0.5,0.5,0.0,0.0,1 - ALMACEN PRODUCTO TERMINADO,1 - TITULO 2/18,True
08-24-03,CICLAN BAJO,2011,2/18,KILOS,0.5,0.5,0.0,0.0,0.5,0.5,0.0,0.0,1 - ALMACEN PRODUCTO TERMINADO,1 - TITULO 2/18,True
08-24-14,KANTUTA,3018,2/18,KILOS,0.5,0.5,0.0,0.0,0.5,0.5,0.0,0.0,1 - ALMACEN PRODUCTO TERMINADO,1 - TITULO 2/18,True
08-24-34,NEGRO,5000,2/18,KILOS,1.0,1.0,0.0,0.0,1.0,1.0,0.0,0.0,1 - ALMACEN PRODUCTO TERMINADO,1 - TITULO 2/18,True
08-24-36,FUCSIA,3009,2/18,KILOS,1.0,1.0,0.0,0.0,1.0,1.0,0.0,0.0,1 - ALMACEN PRODUCTO TERMINADO,1 - TITULO 2/18,True
08-24-41,CALIPSO,7008,2/18,KILOS,0.5,0.5,0.0,0.0,0.5,0.5,0.0,0.0,1 - ALMACEN PRODUCTO TERMINADO,1 - TITULO 2/18,True
08-24-42,VICUÑA,6011,2/18,KILOS,4.5,4.5,0.0,0.0,4.5,4.5,0.0,0.0,1 - ALMACEN PRODUCTO TERMINADO,1 - TITULO 2/18,True
08-24-53,BLANCO,0010,2/18,KILOS,1.5,1.5,0.0,0.0,1.5,1.5,0.0,0.0,1 - ALMACEN PRODUCTO TERMINADO,1 - TITULO 2/18,True
08-24-57,CONFITE,2007,2/18,KILOS,1.0,1.0,0.0,0.0,1.0,1.0,0.0,0.0,1 - ALMACEN PRODUCTO TERMINADO,1 - TITULO 2/18,True
08-24-68,ROJO,3006,2/18,KILOS,0.5,0.5,0.0,0.0,0.5,0.5,0.0,0.0,1 - ALMACEN PRODUCTO TERMINADO,1 - TITULO 2/18,True
09-24-02,CONFITE,2008,2/18,KILOS,0.5,0.5,0.0,0.0,0.5,0.5,0.0,0.0,1 - ALMACEN PRODUCTO TERMINADO,1 - TITULO 2/18,True
09-24-07,VERDE BOTELLA,4011,2/18,KILOS,1.0,1.0,0.0,0.0,1.0,1.0,0.0,0.0,1 - ALMACEN PRODUCTO TERMINADO,1 - TITULO 2/18,True
09-24-11,KANTUTA,3018,2/18,KILOS,0.5,0.5,0.0,0.0,0.5,0.5,0.0,0.0,1 - ALMACEN PRODUCTO TERMINADO,1 - TITULO 2/18,True
09-24-18,NARANJA,1023,2/18,KILOS,0.5,0.5,0.0,0.0,0.5,0.5,0.0,0.0,1 - ALMACEN PRODUCTO TERMINADO,1 - TITULO 2/18,True
09-24-24,VICUÑA,6026,2/18,KILOS,0.5,0.5,0.0,0.0,0.5,0.5,0.0,0.0,1 - ALMACEN PRODUCTO TERMINADO,1 - TITULO 2/18,True
09-24-38,NEGRO,5000,2/18,KILOS,1.0,1.0,0.0,0.0,1.0,1.0,0.0,0.0,1 - ALMACEN PRODUCTO TERMINADO,1 - TITULO 2/18,True
09-24-41,NEGRO,5000,2/18,KILOS,0.5,0.5,0.0,0.0,0.5,0.5,0.0,0.0,1 - ALMACEN PRODUCTO TERMINADO,1 - TITULO 2/18,True
09-24-43,AVIACION,7042,2/18,KILOS,0.5,0.5,0.0,0.0,0.5,0.5,0.0,0.0,1 - ALMACEN PRODUCTO TERMINADO,1 - TITULO 2/18,True
09-24-46,GALLETA,6010,2/18,KILOS,0.5,0.5,0.0,0.0,0.5,0.5,0.0,0.0,1 - ALMACEN PRODUCTO TERMINADO,1 - TITULO 2/18,True
09-24-48,VERDE MEDIO,4029,2/18,KILOS,1.0,1.0,0.0,0.0,1.0,1.0,0.0,0.0,1 - ALMACEN PRODUCTO TERMINADO,1 - TITULO 2/18,True
09-24-55,ROJO OSC.,3041,2/18,KILOS,0.5,0.5,0.0,0.0,0.5,0.5,0.0,0.0,1 - ALMACEN PRODUCTO TERMINADO,1 - TITULO 2/18,True
09-24-64,PLOMO PLATA,8009,2/18,KILOS,1.0,1.0,0.0,0.0,1.0,1.0,0.0,0.0,1 - ALMACEN PRODUCTO TERMINADO,1 - TITULO 2/18,True
09-24-65,CAFE ROJISO,6013,2/18,KILOS,0.5,0.5,0.0,0.0,0.5,0.5,0.0,0.0,1 - ALMACEN PRODUCTO TERMINADO,1 - TITULO 2/18,True
10-24-19,VERDE PACAY,4035,2/18,KILOS,0.5,0.5,0.0,0.0,0.5,0.5,0.0,0.0,1 - ALMACEN PRODUCTO TERMINADO,1 - TITULO 2/18,True
10-24-23,TURQUEZA,7003,2/18,KILOS,0.5,0.5,0.0,0.0,0.5,0.5,0.0,0.0,1 - ALMACEN PRODUCTO TERMINADO,1 - TITULO 2/18,True
10-24-28,VERDE COCA,4036,2/18,KILOS,3.5,3.5,0.0,0.0,3.5,3.5,0.0,0.0,1 - ALMACEN PRODUCTO TERMINADO,1 - TITULO 2/18,True
10-24-48,CAFE ROJISO,6013,2/18,KILOS,1.0,1.0,0.0,0.0,1.0,1.0,0.0,0.0,1 - ALMACEN PRODUCTO TERMINADO,1 - TITULO 2/18,True
10-24-54,VICUÑA,6011,2/18,KILOS,0.5,0.5,0.0,0.0,0.5,0.5,0.0,0.0,1 - ALMACEN PRODUCTO TERMINADO,1 - TITULO 2/18,True
10-24-56,NEGRO,5000,2/18,KILOS,1.0,1.0,0.0,0.0,1.0,1.0,0.0,0.0,1 - ALMACEN PRODUCTO TERMINADO,1 - TITULO 2/18,True
10-24-58,ROJO,3006,2/18,KILOS,1.5,1.5,0.0,0.0,1.5,1.5,0.0,0.0,1 - ALMACEN PRODUCTO TERMINADO,1 - TITULO 2/18,True
10-24-60,AZUL FRANCIA,7007,2/18,KILOS,0.5,0.5,0.0,0.0,0.5,0.5,0.0,0.0,1 - ALMACEN PRODUCTO TERMINADO,1 - TITULO 2/18,True
10-24-67,GUINDO,3033,2/18,KILOS,0.5,0.5,0.0,0.0,0.5,0.5,0.0,0.0,1 - ALMACEN PRODUCTO TERMINADO,1 - TITULO 2/18,True
11-24-12,VICUÑA,6011,2/18,KILOS,1.0,1.0,0.0,0.0,1.0,1.0,0.0,0.0,1 - ALMACEN PRODUCTO TERMINADO,1 - TITULO 2/18,True
11-24-16,CLAVEL,3034,2/18,KILOS,0.5,0.5,0.0,0.0,0.5,0.5,0.0,0.0,1 - ALMACEN PRODUCTO TERMINADO,1 - TITULO 2/18,True
11-24-29,BEIGE,6021,2/18,KILOS,1.5,1.5,0.0,0.0,1.5,1.5,0.0,0.0,1 - ALMACEN PRODUCTO TERMINADO,1 - TITULO 2/18,True
11-24-44,AZUL PETROLEO,7009,2/18,KILOS,0.5,0.5,0.0,0.0,0.5,0.5,0.0,0.0,1 - ALMACEN PRODUCTO TERMINADO,1 - TITULO 2/18,True
11-24-63,ROJO SANDIA,3023,2/18,KILOS,0.5,0.5,0.0,0.0,0.5,0.5,0.0,0.0,1 - ALMACEN PRODUCTO TERMINADO,1 - TITULO 2/18,True
11-24-69,AMARILLO ORO,0016,2/18,KILOS,0.5,0.5,0.0,0.0,0.5,0.5,0.0,0.0,1 - ALMACEN PRODUCTO TERMINADO,1 - TITULO 2/18,True
11-24-85,VERDE BANDERA,4010,2/18,KILOS,0.5,0.5,0.0,0.0,0.5,0.5,0.0,0.0,1 - ALMACEN PRODUCTO TERMINADO,1 - TITULO 2/18,True
12-24-07,NEGRO,5000,2/18,KILOS,1.0,1.0,0.0,0.0,1.0,1.0,0.0,0.0,1 - ALMACEN PRODUCTO TERMINADO,1 - TITULO 2/18,True
12-24-12,BLANCO,0010,2/18,KILOS,1.0,1.0,0.0,0.0,1.0,1.0,0.0,0.0,1 - ALMACEN PRODUCTO TERMINADO,1 - TITULO 2/18,True
12-24-47-1,VICUÑA,6011,2/18,KILOS,0.5,0.5,0.0,0.0,0.5,0.5,0.0,0.0,1 - ALMACEN PRODUCTO TERMINADO,1 - TITULO 2/18,True
12-24-50,ROJO SANDIA,3023,2/18,KILOS,0.5,0.5,0.0,0.0,0.5,0.5,0.0,0.0,1 - ALMACEN PRODUCTO TERMINADO,1 - TITULO 2/18,True
12-24-63,VERDE LECHUGA,4007,2/18,KILOS,0.5,0.5,0.0,0.0,0.5,0.5,0.0,0.0,1 - ALMACEN PRODUCTO TERMINADO,1 - TITULO 2/18,True
12-24-65,AVIACION,7042,2/18,KILOS,0.5,0.5,0.0,0.0,0.5,0.5,0.0,0.0,1 - ALMACEN PRODUCTO TERMINADO,1 - TITULO 2/18,True
12-24-67,VERDE MEDIO,4029,2/18,KILOS,1.5,1.5,0.0,0.0,1.5,1.5,0.0,0.0,1 - ALMACEN PRODUCTO TERMINADO,1 - TITULO 2/18,True
13-24-09,TURQUEZA,7003,2/18,KILOS,0.5,0.5,0.0,0.0,0.5,0.5,0.0,0.0,1 - ALMACEN PRODUCTO TERMINADO,1 - TITULO 2/18,True
13-24-17,NEGRO,5000,2/18,KILOS,1.5,1.5,0.0,0.0,1.5,1.5,0.0,0.0,1 - ALMACEN PRODUCTO TERMINADO,1 - TITULO 2/18,True
13-24-24,PLOMO PLATA,8009,2/18,KILOS,1.0,1.0,0.0,0.0,1.0,1.0,0.0,0.0,1 - ALMACEN PRODUCTO TERMINADO,1 - TITULO 2/18,True
13-24-26,ROJO,3006,2/18,KILOS,0.5,0.5,0.0,0.0,0.5,0.5,0.0,0.0,1 - ALMACEN PRODUCTO TERMINADO,1 - TITULO 2/18,True
13-24-42,AZUL PASTEL,7012,2/18,KILOS,1.0,1.0,0.0,0.0,0.0,0.0,1.0,1.0,1 - ALMACEN PRODUCTO TERMINADO,1 - TITULO 2/18,True
13-24-48,VICUÑA,6026,2/18,KILOS,0.5,0.5,0.0,0.0,0.5,0.5,0.0,0.0,1 - ALMACEN PRODUCTO TERMINADO,1 - TITULO 2/18,True
13-24-52,VICUÑA,6011,2/18,KILOS,0.5,0.5,0.0,0.0,0.5,0.5,0.0,0.0,1 - ALMACEN PRODUCTO TERMINADO,1 - TITULO 2/18,True
14-24-07,GALLETA,6010,2/18,KILOS,0.5,0.5,0.0,0.0,0.5,0.5,0.0,0.0,1 - ALMACEN PRODUCTO TERMINADO,1 - TITULO 2/18,True
14-24-71,PLOMO OSC.,8011,2/18,KILOS,1.5,1.5,0.0,0.0,1.5,1.5,0.0,0.0,1 - ALMACEN PRODUCTO TERMINADO,1 - TITULO 2/18,True
14-24-74,BLANCO,0010,2/18,KILOS,0.5,0.5,0.0,0.0,0.5,0.5,0.0,0.0,1 - ALMACEN PRODUCTO TERMINADO,1 - TITULO 2/18,True
14-24-83,VICUÑA,6011,2/18,KILOS,0.5,0.5,0.0,0.0,0.5,0.5,0.0,0.0,1 - ALMACEN PRODUCTO TERMINADO,1 - TITULO 2/18,True
15-24-04,FUCSIA,3009,2/18,KILOS,0.5,0.5,0.0,0.0,0.5,0.5,0.0,0.0,1 - ALMACEN PRODUCTO TERMINADO,1 - TITULO 2/18,True
15-24-08-1,AM. CANARIO,0021,2/18,KILOS,0.5,0.5,0.0,0.0,0.5,0.5,0.0,0.0,1 - ALMACEN PRODUCTO TERMINADO,1 - TITULO 2/18,True
15-24-17,AZUL PETROLEO,7009,2/18,KILOS,0.5,0.5,0.0,0.0,0.5,0.5,0.0,0.0,1 - ALMACEN PRODUCTO TERMINADO,1 - TITULO 2/18,True
15-24-23,VERDE,4073,2/18,KILOS,1.5,1.5,0.0,0.0,1.5,1.5,0.0,0.0,1 - ALMACEN PRODUCTO TERMINADO,1 - TITULO 2/18,True
15-24-35,AZUL PETROLEO,7009,2/18,KILOS,0.5,0.5,0.0,0.0,0.5,0.5,0.0,0.0,1 - ALMACEN PRODUCTO TERMINADO,1 - TITULO 2/18,True
15-24-44,AVIACION,7010,2/18,KILOS,1.0,1.0,0.0,0.0,1.0,1.0,0.0,0.0,1 - ALMACEN PRODUCTO TERMINADO,1 - TITULO 2/18,True
15-24-51,BLANCO,0010,2/18,KILOS,2.0,2.0,0.0,0.0,2.0,2.0,0.0,0.0,1 - ALMACEN PRODUCTO TERMINADO,1 - TITULO 2/18,True
15-24-57-1,AZUL MARINO,7013,2/18,KILOS,0.5,0.5,0.0,0.0,0.5,0.5,0.0,0.0,1 - ALMACEN PRODUCTO TERMINADO,1 - TITULO 2/18,True
15-24-79,KANTUTA,3018,2/18,KILOS,0.5,0.5,0.0,0.0,0.5,0.5,0.0,0.0,1 - ALMACEN PRODUCTO TERMINADO,1 - TITULO 2/18,True
15-24-81,CLAVEL,3034,2/18,KILOS,2.0,2.0,0.0,0.0,2.0,2.0,0.0,0.0,1 - ALMACEN PRODUCTO TERMINADO,1 - TITULO 2/18,True
16-24-08,MARFIL,0022,2/18,KILOS,26.0,26.0,0.0,0.0,26.0,26.0,0.0,0.0,1 - ALMACEN PRODUCTO TERMINADO,1 - TITULO 2/18,True
16-24-13,ROJO VINO,3012,2/18,KILOS,0.5,0.5,0.0,0.0,0.5,0.5,0.0,0.0,1 - ALMACEN PRODUCTO TERMINADO,1 - TITULO 2/18,True
16-24-16,FUCSIA,3009,2/18,KILOS,0.5,0.5,0.0,0.0,0.5,0.5,0.0,0.0,1 - ALMACEN PRODUCTO TERMINADO,1 - TITULO 2/18,True
16-24-22,CLAVEL,3034,2/18,KILOS,1.0,1.0,0.0,0.0,1.0,1.0,0.0,0.0,1 - ALMACEN PRODUCTO TERMINADO,1 - TITULO 2/18,True
16-24-26,BLANCO,0010,2/18,KILOS,0.5,0.5,0.0,0.0,0.0,0.0,0.5,0.5,1 - ALMACEN PRODUCTO TERMINADO,1 - TITULO 2/18,True
16-24-36,ROJO,3006,2/18,KILOS,0.5,0.5,0.0,0.0,0.0,0.0,0.5,0.5,1 - ALMACEN PRODUCTO TERMINADO,1 - TITULO 2/18,True
16-24-40,CARTON AMARILLO,6004,2/18,KILOS,0.5,0.5,0.0,0.0,0.0,0.0,0.5,0.5,1 - ALMACEN PRODUCTO TERMINADO,1 - TITULO 2/18,True
16-24-48-1,AZUL CIELO,7005,2/18,KILOS,0.5,0.5,0.0,0.0,0.0,0.0,0.5,0.5,1 - ALMACEN PRODUCTO TERMINADO,1 - TITULO 2/18,True
16-24-65,CICLAN OSC.,2005,2/18,KILOS,0.5,0.5,0.0,0.0,0.5,0.5,0.0,0.0,1 - ALMACEN PRODUCTO TERMINADO,1 - TITULO 2/18,True
16-24-70,AZUL PETROLEO,7009,2/18,KILOS,0.5,0.5,0.0,0.0,0.5,0.5,0.0,0.0,1 - ALMACEN PRODUCTO TERMINADO,1 - TITULO 2/18,True
17-24-44,VICUÑA,6026,2/18,KILOS,0.5,0.5,0.0,0.0,0.5,0.5,0.0,0.0,1 - ALMACEN PRODUCTO TERMINADO,1 - TITULO 2/18,True
17-24-67,VERDE MEDIO,4029,2/18,KILOS,0.5,0.5,0.0,0.0,0.5,0.5,0.0,0.0,1 - ALMACEN PRODUCTO TERMINADO,1 - TITULO 2/18,True
17-24-69-1,AZUL PETROLEO,7009,2/18,KILOS,0.5,0.5,0.0,0.0,0.5,0.5,0.0,0.0,1 - ALMACEN PRODUCTO TERMINADO,1 - TITULO 2/18,True
17-24-71-1,AZUL PETROLEO,7009,2/18,KILOS,0.5,0.5,0.0,0.0,0.5,0.5,0.0,0.0,1 - ALMACEN PRODUCTO TERMINADO,1 - TITULO 2/18,True
18-24-18,LILA BAJO,7018,2/18,KILOS,0.5,0.5,0.0,0.0,0.5,0.5,0.0,0.0,1 - ALMACEN PRODUCTO TERMINADO,1 - TITULO 2/18,True
18-24-48-1,FUCSIA,3039,2/18,JUEGO,0.5,0.5,0.0,0.0,0.5,0.5,0.0,0.0,1 - ALMACEN PRODUCTO TERMINADO,1 - TITULO 2/18,True
18-24-49,NEGRO,5000,2/18,KILOS,0.5,0.5,0.0,0.0,0.5,0.5,0.0,0.0,1 - ALMACEN PRODUCTO TERMINADO,1 - TITULO 2/18,True
18-24-59,NEGRO,5000,2/18,KILOS,0.5,0.5,0.0,0.0,0.5,0.5,0.0,0.0,1 - ALMACEN PRODUCTO TERMINADO,1 - TITULO 2/18,True
18-24-63,BLANCO,0010,2/18,KILOS,1.0,1.0,0.0,0.0,1.0,1.0,0.0,0.0,1 - ALMACEN PRODUCTO TERMINADO,1 - TITULO 2/18,True
18-24-65,BLANCO,0010,2/18,KILOS,1.5,1.5,0.0,0.0,1.5,1.5,0.0,0.0,1 - ALMACEN PRODUCTO TERMINADO,1 - TITULO 2/18,True
18-24-66,CICLAN OSC.,2005,2/18,KILOS,0.5,0.5,0.0,0.0,0.5,0.5,0.0,0.0,1 - ALMACEN PRODUCTO TERMINADO,1 - TITULO 2/18,True
18-24-67,GUINDO,3033,2/18,KILOS,0.5,0.5,0.0,0.0,0.5,0.5,0.0,0.0,1 - ALMACEN PRODUCTO TERMINADO,1 - TITULO 2/18,True
19-24-13,ROJO,3006,2/18,KILOS,0.5,0.5,0.0,0.0,0.5,0.5,0.0,0.0,1 - ALMACEN PRODUCTO TERMINADO,1 - TITULO 2/18,True
19-24-20,VERDE BANDERA,4010,2/18,KILOS,0.5,0.5,0.0,0.0,0.5,0.5,0.0,0.0,1 - ALMACEN PRODUCTO TERMINADO,1 - TITULO 2/18,True
19-24-21,NEGRO,5000,2/18,KILOS,0.5,0.5,0.0,0.0,0.5,0.5,0.0,0.0,1 - ALMACEN PRODUCTO TERMINADO,1 - TITULO 2/18,True
19-24-32,AZUL PETROLEO,7009,2/18,KILOS,0.5,0.5,0.0,0.0,0.5,0.5,0.0,0.0,1 - ALMACEN PRODUCTO TERMINADO,1 - TITULO 2/18,True
19-24-34,NEGRO,5000,2/18,KILOS,2.5,2.5,0.0,0.0,2.5,2.5,0.0,0.0,1 - ALMACEN PRODUCTO TERMINADO,1 - TITULO 2/18,True
19-24-42,KANTUTA,3045,2/18,KILOS,1.0,1.0,0.0,0.0,1.0,1.0,0.0,0.0,1 - ALMACEN PRODUCTO TERMINADO,1 - TITULO 2/18,True
20-24-11,CONFITE,2007,2/18,KILOS,0.5,0.5,0.0,0.0,0.5,0.5,0.0,0.0,1 - ALMACEN PRODUCTO TERMINADO,1 - TITULO 2/18,True
20-24-17,AVIACION,7042,2/18,KILOS,0.5,0.5,0.0,0.0,0.5,0.5,0.0,0.0,1 - ALMACEN PRODUCTO TERMINADO,1 - TITULO 2/18,True
20-24-20,AZUL PETROLEO,7009,2/18,KILOS,0.5,0.5,0.0,0.0,0.5,0.5,0.0,0.0,1 - ALMACEN PRODUCTO TERMINADO,1 - TITULO 2/18,True
20-24-23,VERDE BANDERA,4010,2/18,KILOS,0.5,0.5,0.0,0.0,0.5,0.5,0.0,0.0,1 - ALMACEN PRODUCTO TERMINADO,1 - TITULO 2/18,True
20-24-31,CONFITE,2008,2/18,KILOS,0.5,0.5,0.0,0.0,0.5,0.5,0.0,0.0,1 - ALMACEN PRODUCTO TERMINADO,1 - TITULO 2/18,True
20-24-59,VERDE PACAY,4035,2/18,KILOS,1.0,1.0,0.0,0.0,1.0,1.0,0.0,0.0,1 - ALMACEN PRODUCTO TERMINADO,1 - TITULO 2/18,True
20-24-83,FUCSIA,3049,2/18,KILOS,0.5,0.5,0.0,0.0,0.5,0.5,0.0,0.0,1 - ALMACEN PRODUCTO TERMINADO,1 - TITULO 2/18,True
21-24-04,VERDE COCA,4036,2/18,KILOS,0.5,0.5,0.0,0.0,0.5,0.5,0.0,0.0,1 - ALMACEN PRODUCTO TERMINADO,1 - TITULO 2/18,True
21-24-19,NEGRO,5000,2/18,KILOS,0.5,0.5,0.0,0.0,0.5,0.5,0.0,0.0,1 - ALMACEN PRODUCTO TERMINADO,1 - TITULO 2/18,True
21-24-22,CICLAN BAJO,2011,2/18,KILOS,0.5,0.5,0.0,0.0,0.5,0.5,0.0,0.0,1 - ALMACEN PRODUCTO TERMINADO,1 - TITULO 2/18,True
21-24-26,ROJO,3006,2/18,KILOS,0.5,0.5,0.0,0.0,0.5,0.5,0.0,0.0,1 - ALMACEN PRODUCTO TERMINADO,1 - TITULO 2/18,True
21-24-27,FUCSIA,3009,2/18,KILOS,0.5,0.5,0.0,0.0,0.5,0.5,0.0,0.0,1 - ALMACEN PRODUCTO TERMINADO,1 - TITULO 2/18,True
21-24-37,ROJO,3006,2/18,KILOS,1.0,1.0,0.0,0.0,1.0,1.0,0.0,0.0,1 - ALMACEN PRODUCTO TERMINADO,1 - TITULO 2/18,True
21-24-45,VERDE BOTELLA,4011,2/18,KILOS,0.5,0.5,0.0,0.0,0.5,0.5,0.0,0.0,1 - ALMACEN PRODUCTO TERMINADO,1 - TITULO 2/18,True
21-24-48,VICUÑA,6068,2/18,KILOS,0.5,0.5,0.0,0.0,0.5,0.5,0.0,0.0,1 - ALMACEN PRODUCTO TERMINADO,1 - TITULO 2/18,True
21-24-50,AZUL PETROLEO,7009,2/18,KILOS,0.5,0.5,0.0,0.0,0.5,0.5,0.0,0.0,1 - ALMACEN PRODUCTO TERMINADO,1 - TITULO 2/18,True
21-24-55,FUCSIA,3049,2/18,KILOS,0.5,0.5,0.0,0.0,0.5,0.5,0.0,0.0,1 - ALMACEN PRODUCTO TERMINADO,1 - TITULO 2/18,True
21-24-69,ESMERALDA,4055,2/18,KILOS,0.5,0.5,0.0,0.0,0.5,0.5,0.0,0.0,1 - ALMACEN PRODUCTO TERMINADO,1 - TITULO 2/18,True
21-24-71,AZUL PETROLEO,7009,2/18,KILOS,0.5,0.5,0.0,0.0,0.5,0.5,0.0,0.0,1 - ALMACEN PRODUCTO TERMINADO,1 - TITULO 2/18,True
21-24-72,BLANCO,0010,2/18,KILOS,0.5,0.5,0.0,0.0,0.5,0.5,0.0,0.0,1 - ALMACEN PRODUCTO TERMINADO,1 - TITULO 2/18,True
21-24-76,BLANCO,0010,2/18,KILOS,4.0,4.0,0.0,0.0,4.0,4.0,0.0,0.0,1 - ALMACEN PRODUCTO TERMINADO,1 - TITULO 2/18,True
21-24-82,AZUL PASTEL,7012,2/18,KILOS,0.5,0.5,0.0,0.0,0.5,0.5,0.0,0.0,1 - ALMACEN PRODUCTO TERMINADO,1 - TITULO 2/18,True
21-24-84,LIMON,0020,2/18,KILOS,0.5,0.5,0.0,0.0,0.5,0.5,0.0,0.0,1 - ALMACEN PRODUCTO TERMINADO,1 - TITULO 2/18,True
23-24-06,KANTUTA,3018,2/18,KILOS,0.5,0.5,0.0,0.0,0.5,0.5,0.0,0.0,1 - ALMACEN PRODUCTO TERMINADO,1 - TITULO 2/18,True
23-24-08,VERDE COCA,4036,2/18,KILOS,0.5,0.5,0.0,0.0,0.5,0.5,0.0,0.0,1 - ALMACEN PRODUCTO TERMINADO,1 - TITULO 2/18,True
23-24-18,AZUL FRANCIA,7007,2/18,KILOS,0.5,0.5,0.0,0.0,0.5,0.5,0.0,0.0,1 - ALMACEN PRODUCTO TERMINADO,1 - TITULO 2/18,True
24-24-03,NARANJA,1023,2/18,KILOS,0.5,0.5,0.0,0.0,0.5,0.5,0.0,0.0,1 - ALMACEN PRODUCTO TERMINADO,1 - TITULO 2/18,True
24-24-10,BLANCO,0010,2/18,KILOS,1.5,1.5,0.0,0.0,1.5,1.5,0.0,0.0,1 - ALMACEN PRODUCTO TERMINADO,1 - TITULO 2/18,True
24-24-11,MARFIL,0022,2/18,KILOS,0.5,0.5,0.0,0.0,0.5,0.5,0.0,0.0,1 - ALMACEN PRODUCTO TERMINADO,1 - TITULO 2/18,True
24-24-15,CAFE ROJISO,6013,2/18,KILOS,0.5,0.5,0.0,0.0,0.5,0.5,0.0,0.0,1 - ALMACEN PRODUCTO TERMINADO,1 - TITULO 2/18,True
24-24-23,CALIPSO,7008,2/18,KILOS,0.5,0.5,0.0,0.0,0.5,0.5,0.0,0.0,1 - ALMACEN PRODUCTO TERMINADO,1 - TITULO 2/18,True
24-24-25,VERDE BANDERA,4010,2/18,KILOS,0.5,0.5,0.0,0.0,0.5,0.5,0.0,0.0,1 - ALMACEN PRODUCTO TERMINADO,1 - TITULO 2/18,True
24-24-65,AZUL PETROLEO,7009,2/18,KILOS,0.5,0.5,0.0,0.0,0.5,0.5,0.0,0.0,1 - ALMACEN PRODUCTO TERMINADO,1 - TITULO 2/18,True
25-24-06,VICUÑA,6011,2/18,KILOS,0.5,0.5,0.0,0.0,0.5,0.5,0.0,0.0,1 - ALMACEN PRODUCTO TERMINADO,1 - TITULO 2/18,True
25-24-09,CLAVEL,3034,2/18,KILOS,1.5,1.5,0.0,0.0,1.5,1.5,0.0,0.0,1 - ALMACEN PRODUCTO TERMINADO,1 - TITULO 2/18,True
25-24-12,ROJO SANDIA,3023,2/18,KILOS,1.0,1.0,0.0,0.0,1.0,1.0,0.0,0.0,1 - ALMACEN PRODUCTO TERMINADO,1 - TITULO 2/18,True
25-24-15,NEGRO,5000,2/18,KILOS,0.5,0.5,0.0,0.0,0.5,0.5,0.0,0.0,1 - ALMACEN PRODUCTO TERMINADO,1 - TITULO 2/18,True
25-24-27,BLANCO,0010,2/18,KILOS,2.5,2.5,0.0,0.0,2.5,2.5,0.0,0.0,1 - ALMACEN PRODUCTO TERMINADO,1 - TITULO 2/18,True
25-24-28,PLOMO PLATA,8009,2/18,KILOS,0.5,0.5,0.0,0.0,0.5,0.5,0.0,0.0,1 - ALMACEN PRODUCTO TERMINADO,1 - TITULO 2/18,True
25-24-46,CALIPSO,7008,2/18,KILOS,0.5,0.5,0.0,0.0,0.5,0.5,0.0,0.0,1 - ALMACEN PRODUCTO TERMINADO,1 - TITULO 2/18,True
26-24-03,NEGRO,5000,2/18,KILOS,1.0,1.0,0.0,0.0,1.0,1.0,0.0,0.0,1 - ALMACEN PRODUCTO TERMINADO,1 - TITULO 2/18,True
26-24-07,NEGRO,5000,2/18,KILOS,0.5,0.5,0.0,0.0,0.5,0.5,0.0,0.0,1 - ALMACEN PRODUCTO TERMINADO,1 - TITULO 2/18,True
26-24-14,AZUL PETROLEO,7009,2/18,KILOS,1.0,1.0,0.0,0.0,1.0,1.0,0.0,0.0,1 - ALMACEN PRODUCTO TERMINADO,1 - TITULO 2/18,True
26-24-16,AMARILLO ORO,0016,2/18,KILOS,0.5,0.5,0.0,0.0,0.5,0.5,0.0,0.0,1 - ALMACEN PRODUCTO TERMINADO,1 - TITULO 2/18,True
26-24-25,KANTUTA,3035,2/18,KILOS,2.5,2.5,0.0,0.0,2.5,2.5,0.0,0.0,1 - ALMACEN PRODUCTO TERMINADO,1 - TITULO 2/18,True
26-24-28,KANTUTA,3018,2/18,KILOS,0.5,0.5,0.0,0.0,0.5,0.5,0.0,0.0,1 - ALMACEN PRODUCTO TERMINADO,1 - TITULO 2/18,True
26-24-47,VERDE MEDIO,4029,2/18,KILOS,1.0,1.0,0.0,0.0,1.0,1.0,0.0,0.0,1 - ALMACEN PRODUCTO TERMINADO,1 - TITULO 2/18,True
26-24-62,NARANJA,1023,2/18,KILOS,1.0,1.0,0.0,0.0,1.0,1.0,0.0,0.0,1 - ALMACEN PRODUCTO TERMINADO,1 - TITULO 2/18,True
27-24-05,VERDE BOTELLA,4011,2/18,KILOS,0.5,0.5,0.0,0.0,0.5,0.5,0.0,0.0,1 - ALMACEN PRODUCTO TERMINADO,1 - TITULO 2/18,True
27-24-15,GUINDO,3027,2/18,KILOS,0.5,0.5,0.0,0.0,0.5,0.5,0.0,0.0,1 - ALMACEN PRODUCTO TERMINADO,1 - TITULO 2/18,True
27-24-24,VERDE MEDIO,4029,2/18,KILOS,1.0,1.0,0.0,0.0,1.0,1.0,0.0,0.0,1 - ALMACEN PRODUCTO TERMINADO,1 - TITULO 2/18,True
27-24-30,VICUÑA,6011,2/18,KILOS,0.5,0.5,0.0,0.0,0.5,0.5,0.0,0.0,1 - ALMACEN PRODUCTO TERMINADO,1 - TITULO 2/18,True
27-24-50,VERDE MEDIO,4029,2/18,KILOS,0.5,0.5,0.0,0.0,0.5,0.5,0.0,0.0,1 - ALMACEN PRODUCTO TERMINADO,1 - TITULO 2/18,True
27-24-56,BLANCO,0010,2/18,KILOS,0.5,0.5,0.0,0.0,0.5,0.5,0.0,0.0,1 - ALMACEN PRODUCTO TERMINADO,1 - TITULO 2/18,True
27-24-59,NEGRO,5000,2/18,KILOS,0.5,0.5,0.0,0.0,0.5,0.5,0.0,0.0,1 - ALMACEN PRODUCTO TERMINADO,1 - TITULO 2/18,True
27-24-64,API,7032,2/18,KILOS,1.0,1.0,0.0,0.0,1.0,1.0,0.0,0.0,1 - ALMACEN PRODUCTO TERMINADO,1 - TITULO 2/18,True
27-24-66,VERDE BANDERA,4010,2/18,KILOS,0.5,0.5,0.0,0.0,0.5,0.5,0.0,0.0,1 - ALMACEN PRODUCTO TERMINADO,1 - TITULO 2/18,True
27-24-68,V. ESMERALDA,4013,2/18,KILOS,1.5,1.5,0.0,0.0,1.5,1.5,0.0,0.0,1 - ALMACEN PRODUCTO TERMINADO,1 - TITULO 2/18,True
27-24-77,BLANCO,0010,2/18,KILOS,1.0,1.0,0.0,0.0,1.0,1.0,0.0,0.0,1 - ALMACEN PRODUCTO TERMINADO,1 - TITULO 2/18,True
27-45-24-16,GRISS,402,2/18,KILOS,0.5,0.5,0.0,0.0,0.5,0.5,0.0,0.0,1 - ALMACEN PRODUCTO TERMINADO,1 - TITULO 2/18,True
27-45-24-39,GRISS,402,2/18,KILOS,0.5,0.5,0.0,0.0,0.5,0.5,0.0,0.0,1 - ALMACEN PRODUCTO TERMINADO,1 - TITULO 2/18,True
27-45-24-40,GRISS,402,2/18,KILOS,204.0,204.0,0.0,0.0,204.0,204.0,0.0,0.0,1 - ALMACEN PRODUCTO TERMINADO,1 - TITULO 2/18,True
27-45-24-41,GRISS,402,2/18,KILOS,204.0,204.0,0.0,0.0,204.0,204.0,0.0,0.0,1 - ALMACEN PRODUCTO TERMINADO,1 - TITULO 2/18,True
27-45-24-42,GRISS,402,2/18,KILOS,204.0,204.0,0.0,0.0,204.0,204.0,0.0,0.0,1 - ALMACEN PRODUCTO TERMINADO,1 - TITULO 2/18,True
27-45-24-44,GRISS,402,2/18,KILOS,203.5,203.5,0.0,0.0,203.5,203.5,0.0,0.0,1 - ALMACEN PRODUCTO TERMINADO,1 - TITULO 2/18,True
27-45-24-45,GRISS,402,2/18,KILOS,101.5,101.5,101.5,101.5,203.0,203.0,0.0,0.0,1 - ALMACEN PRODUCTO TERMINADO,1 - TITULO 2/18,True
28-24-14,BLANCO,0010,2/18,KILOS,1.0,1.0,0.0,0.0,1.0,1.0,0.0,0.0,1 - ALMACEN PRODUCTO TERMINADO,1 - TITULO 2/18,True
28-24-25,VICUÑA,6011,2/18,KILOS,1.0,1.0,0.0,0.0,1.0,1.0,0.0,0.0,1 - ALMACEN PRODUCTO TERMINADO,1 - TITULO 2/18,True
28-24-33,FUCSIA,3049,2/18,KILOS,1.5,1.5,0.0,0.0,1.5,1.5,0.0,0.0,1 - ALMACEN PRODUCTO TERMINADO,1 - TITULO 2/18,True
28-24-36,NEGRO,5000,2/18,KILOS,0.5,0.5,0.0,0.0,0.5,0.5,0.0,0.0,1 - ALMACEN PRODUCTO TERMINADO,1 - TITULO 2/18,True
28-24-39,AZUL MARINO,7013,2/18,KILOS,0.5,0.5,0.0,0.0,0.5,0.5,0.0,0.0,1 - ALMACEN PRODUCTO TERMINADO,1 - TITULO 2/18,True
28-24-41,AVIACION,7010,2/18,KILOS,0.5,0.5,0.0,0.0,0.5,0.5,0.0,0.0,1 - ALMACEN PRODUCTO TERMINADO,1 - TITULO 2/18,True
28-24-46,VERDE PACAY,4035,2/18,KILOS,0.5,0.5,0.0,0.0,0.5,0.5,0.0,0.0,1 - ALMACEN PRODUCTO TERMINADO,1 - TITULO 2/18,True
28-24-53,AZUL PETROLEO,7009,2/18,KILOS,0.5,0.5,0.0,0.0,0.5,0.5,0.0,0.0,1 - ALMACEN PRODUCTO TERMINADO,1 - TITULO 2/18,True
28-24-55,VERDE MEDIO,4029,2/18,KILOS,1.5,1.5,0.0,0.0,1.5,1.5,0.0,0.0,1 - ALMACEN PRODUCTO TERMINADO,1 - TITULO 2/18,True
29-23-65,MORADO,7044,2/18,KILOS,1.5,1.5,0.0,0.0,1.5,1.5,0.0,0.0,1 - ALMACEN PRODUCTO TERMINADO,1 - TITULO 2/18,True
29-24-12,BEIGE OSC,6021,2/18,KILOS,0.5,0.5,0.0,0.0,0.5,0.5,0.0,0.0,1 - ALMACEN PRODUCTO TERMINADO,1 - TITULO 2/18,True
29-24-20,TURQUEZA,7003,2/18,KILOS,0.5,0.5,0.0,0.0,0.5,0.5,0.0,0.0,1 - ALMACEN PRODUCTO TERMINADO,1 - TITULO 2/18,True
29-24-29,AZUL PASTEL,7012,2/18,KILOS,0.5,0.5,0.0,0.0,0.5,0.5,0.0,0.0,1 - ALMACEN PRODUCTO TERMINADO,1 - TITULO 2/18,True
29-24-35,CONFITE,2007,2/18,KILOS,0.5,0.5,0.0,0.0,0.5,0.5,0.0,0.0,1 - ALMACEN PRODUCTO TERMINADO,1 - TITULO 2/18,True
29-24-41,ROJO SANDIA,3023,2/18,KILOS,0.5,0.5,0.0,0.0,0.5,0.5,0.0,0.0,1 - ALMACEN PRODUCTO TERMINADO,1 - TITULO 2/18,True
29-24-44,ROJO OSCURO,3041,2/18,KILOS,0.5,0.5,0.0,0.0,0.5,0.5,0.0,0.0,1 - ALMACEN PRODUCTO TERMINADO,1 - TITULO 2/18,True
29-24-61,CICLAN,2004,2/18,KILOS,0.5,0.5,0.0,0.0,0.5,0.5,0.0,0.0,1 - ALMACEN PRODUCTO TERMINADO,1 - TITULO 2/18,True
29-24-64,VERDE COCA,4036,2/18,KILOS,0.5,0.5,0.0,0.0,0.5,0.5,0.0,0.0,1 - ALMACEN PRODUCTO TERMINADO,1 - TITULO 2/18,True
30-24-09,ROJO,3006,2/18,KILOS,0.5,0.5,0.0,0.0,0.5,0.5,0.0,0.0,1 - ALMACEN PRODUCTO TERMINADO,1 - TITULO 2/18,True
30-24-22,KANTUTA,3045,2/18,KILOS,0.5,0.5,0.0,0.0,0.5,0.5,0.0,0.0,1 - ALMACEN PRODUCTO TERMINADO,1 - TITULO 2/18,True
30-24-25,VERDE COCA,4036,2/18,KILOS,0.5,0.5,0.0,0.0,0.5,0.5,0.0,0.0,1 - ALMACEN PRODUCTO TERMINADO,1 - TITULO 2/18,True
30-24-30,CALIPSO,7008,2/18,KILOS,0.5,0.5,0.0,0.0,0.5,0.5,0.0,0.0,1 - ALMACEN PRODUCTO TERMINADO,1 - TITULO 2/18,True
30-24-57,BLANCO,0010,2/18,KILOS,0.5,0.5,0.0,0.0,0.5,0.5,0.0,0.0,1 - ALMACEN PRODUCTO TERMINADO,1 - TITULO 2/18,True
30-24-67,ROJO,3006,2/18,KILOS,0.5,0.5,0.0,0.0,0.5,0.5,0.0,0.0,1 - ALMACEN PRODUCTO TERMINADO,1 - TITULO 2/18,True
31-24-13,SALMON,3003,2/18,KILOS,0.5,0.5,0.0,0.0,0.5,0.5,0.0,0.0,1 - ALMACEN PRODUCTO TERMINADO,1 - TITULO 2/18,True
31-24-28,KANTUTA,3018,2/18,KILOS,8.0,8.0,0.0,0.0,8.0,8.0,0.0,0.0,1 - ALMACEN PRODUCTO TERMINADO,1 - TITULO 2/18,True
31-24-32,VERDE BOTELLA,4011,2/18,KILOS,1.0,1.0,0.0,0.0,1.0,1.0,0.0,0.0,1 - ALMACEN PRODUCTO TERMINADO,1 - TITULO 2/18,True
32-23-33,ROJO,3006,2/18,KILOS,0.5,0.5,0.0,0.0,0.5,0.5,0.0,0.0,1 - ALMACEN PRODUCTO TERMINADO,1 - TITULO 2/18,True
32-24-03,JADE,4048,2/18,KILOS,0.5,0.5,0.0,0.0,0.5,0.5,0.0,0.0,1 - ALMACEN PRODUCTO TERMINADO,1 - TITULO 2/18,True
32-24-10,FUCSIA,3049,2/18,KILOS,0.5,0.5,0.0,0.0,0.5,0.5,0.0,0.0,1 - ALMACEN PRODUCTO TERMINADO,1 - TITULO 2/18,True
32-24-11,CLAVEL,3055,2/18,KILOS,0.5,0.5,0.0,0.0,0.5,0.5,0.0,0.0,1 - ALMACEN PRODUCTO TERMINADO,1 - TITULO 2/18,True
32-24-16,ROJO,3006,2/18,KILOS,0.5,0.5,0.0,0.0,0.5,0.5,0.0,0.0,1 - ALMACEN PRODUCTO TERMINADO,1 - TITULO 2/18,True
32-24-19,AZUL FRANCIA,7007,2/18,KILOS,0.5,0.5,0.0,0.0,0.5,0.5,0.0,0.0,1 - ALMACEN PRODUCTO TERMINADO,1 - TITULO 2/18,True
32-24-21,CLAVEL,3034,2/18,KILOS,2.0,2.0,0.0,0.0,2.0,2.0,0.0,0.0,1 - ALMACEN PRODUCTO TERMINADO,1 - TITULO 2/18,True
32-24-37,VICUÑA,6007,2/18,KILOS,0.5,0.5,0.0,0.0,0.5,0.5,0.0,0.0,1 - ALMACEN PRODUCTO TERMINADO,1 - TITULO 2/18,True
32-24-44,ROJO,3006,2/18,KILOS,0.5,0.5,0.0,0.0,0.5,0.5,0.0,0.0,1 - ALMACEN PRODUCTO TERMINADO,1 - TITULO 2/18,True
32-24-46,CONFITE,2002,2/18,KILOS,0.5,0.5,0.0,0.0,0.5,0.5,0.0,0.0,1 - ALMACEN PRODUCTO TERMINADO,1 - TITULO 2/18,True
32-24-49,BEIGE OSC.,6021,2/18,KILOS,0.5,0.5,0.0,0.0,0.5,0.5,0.0,0.0,1 - ALMACEN PRODUCTO TERMINADO,1 - TITULO 2/18,True
32-24-55,CALIPSO,7008,2/18,KILOS,1.0,1.0,0.0,0.0,1.0,1.0,0.0,0.0,1 - ALMACEN PRODUCTO TERMINADO,1 - TITULO 2/18,True
32-24-60,BLANCO,0010,2/18,KILOS,0.5,0.5,0.0,0.0,0.5,0.5,0.0,0.0,1 - ALMACEN PRODUCTO TERMINADO,1 - TITULO 2/18,True
32-24-71,NEGRO,5000,2/18,KILOS,0.5,0.5,0.0,0.0,0.5,0.5,0.0,0.0,1 - ALMACEN PRODUCTO TERMINADO,1 - TITULO 2/18,True
32-24-86,VERDE BANDERA,4010,2/18,KILOS,0.5,0.5,0.0,0.0,0.5,0.5,0.0,0.0,1 - ALMACEN PRODUCTO TERMINADO,1 - TITULO 2/18,True
33-24-07,CICLAN,2004,2/18,KILOS,3.5,3.5,0.0,0.0,3.5,3.5,0.0,0.0,1 - ALMACEN PRODUCTO TERMINADO,1 - TITULO 2/18,True
33-24-18,AZUL PETROLEO,7084,2/18,KILOS,1.0,1.0,0.0,0.0,1.0,1.0,0.0,0.0,1 - ALMACEN PRODUCTO TERMINADO,1 - TITULO 2/18,True
33-24-19,BLANCO,0010,2/18,KILOS,0.5,0.5,0.0,0.0,0.5,0.5,0.0,0.0,1 - ALMACEN PRODUCTO TERMINADO,1 - TITULO 2/18,True
33-24-37,PLOMO,8010,2/18,KILOS,0.5,0.5,0.0,0.0,0.5,0.5,0.0,0.0,1 - ALMACEN PRODUCTO TERMINADO,1 - TITULO 2/18,True
33-24-66,MORADO,7026,2/18,KILOS,1.5,1.5,0.0,0.0,1.5,1.5,0.0,0.0,1 - ALMACEN PRODUCTO TERMINADO,1 - TITULO 2/18,True
34-24-04,VERDE BANDERA,4010,2/18,KILOS,0.5,0.5,0.0,0.0,0.5,0.5,0.0,0.0,1 - ALMACEN PRODUCTO TERMINADO,1 - TITULO 2/18,True
34-24-07,CONFITE,2007,2/18,KILOS,0.5,0.5,0.0,0.0,0.5,0.5,0.0,0.0,1 - ALMACEN PRODUCTO TERMINADO,1 - TITULO 2/18,True
34-24-08,NEGRO,5000,2/18,KILOS,0.5,0.5,0.0,0.0,0.5,0.5,0.0,0.0,1 - ALMACEN PRODUCTO TERMINADO,1 - TITULO 2/18,True
34-24-24,NEGRO,5000,2/18,KILOS,0.5,0.5,0.0,0.0,0.5,0.5,0.0,0.0,1 - ALMACEN PRODUCTO TERMINADO,1 - TITULO 2/18,True
34-24-40,KANTUTA,3018,2/18,KILOS,6.0,6.0,0.0,0.0,6.0,6.0,0.0,0.0,1 - ALMACEN PRODUCTO TERMINADO,1 - TITULO 2/18,True
34-24-44,KANTUTA,3045,2/18,KILOS,0.5,0.5,0.0,0.0,0.5,0.5,0.0,0.0,1 - ALMACEN PRODUCTO TERMINADO,1 - TITULO 2/18,True
34-24-53,ROJO SANDIA,3023,2/18,KILOS,0.5,0.5,0.0,0.0,0.5,0.5,0.0,0.0,1 - ALMACEN PRODUCTO TERMINADO,1 - TITULO 2/18,True
34-24-81,GALLETA,6010,2/18,KILOS,0.5,0.5,0.0,0.0,0.5,0.5,0.0,0.0,1 - ALMACEN PRODUCTO TERMINADO,1 - TITULO 2/18,True
34-24-83,CALIPSO CLARO,7098,2/18,KILOS,0.5,0.5,0.0,0.0,0.5,0.5,0.0,0.0,1 - ALMACEN PRODUCTO TERMINADO,1 - TITULO 2/18,True
35-23-37,VICUÑA,6011,2/18,KILOS,7.0,7.0,0.0,0.0,7.0,7.0,0.0,0.0,1 - ALMACEN PRODUCTO TERMINADO,1 - TITULO 2/18,True
35-23-46,MARFIL,0022,2/18,KILOS,37.0,37.0,0.0,0.0,37.0,37.0,0.0,0.0,1 - ALMACEN PRODUCTO TERMINADO,1 - TITULO 2/18,True
35-24-05,ROJO,3017,2/18,KILOS,1.5,1.5,0.0,0.0,1.5,1.5,0.0,0.0,1 - ALMACEN PRODUCTO TERMINADO,1 - TITULO 2/18,True
35-24-17,CALIPSO,7008,2/18,KILOS,0.5,0.5,0.0,0.0,0.5,0.5,0.0,0.0,1 - ALMACEN PRODUCTO TERMINADO,1 - TITULO 2/18,True
35-24-19,VICUÑA,6026,2/18,KILOS,1.0,1.0,0.0,0.0,1.0,1.0,0.0,0.0,1 - ALMACEN PRODUCTO TERMINADO,1 - TITULO 2/18,True
35-24-23,LIMON 00020,,2/18,KILOS,0.5,0.5,0.0,0.0,0.5,0.5,0.0,0.0,1 - ALMACEN PRODUCTO TERMINADO,1 - TITULO 2/18,True
35-24-29,BLANCO,0010,2/18,KILOS,2.5,2.5,0.0,0.0,2.5,2.5,0.0,0.0,1 - ALMACEN PRODUCTO TERMINADO,1 - TITULO 2/18,True
35-24-44,BIEGE OC.,6021,2/18,KILOS,0.5,0.5,0.0,0.0,0.5,0.5,0.0,0.0,1 - ALMACEN PRODUCTO TERMINADO,1 - TITULO 2/18,True
35-24-45,VERDE BANDERA,4010,2/18,KILOS,0.5,0.5,0.0,0.0,0.5,0.5,0.0,0.0,1 - ALMACEN PRODUCTO TERMINADO,1 - TITULO 2/18,True
35-24-57,GUINDO,3027,2/18,KILOS,0.5,0.5,0.0,0.0,0.5,0.5,0.0,0.0,1 - ALMACEN PRODUCTO TERMINADO,1 - TITULO 2/18,True
35-24-59,BLANCO,0010,2/18,KILOS,0.5,0.5,0.0,0.0,0.5,0.5,0.0,0.0,1 - ALMACEN PRODUCTO TERMINADO,1 - TITULO 2/18,True
35-24-70,CONFITE,2008,2/18,KILOS,1.0,1.0,0.0,0.0,1.0,1.0,0.0,0.0,1 - ALMACEN PRODUCTO TERMINADO,1 - TITULO 2/18,True
36-23-22,GUINDO POTOLO,3035,2/18,KILOS,0.5,0.5,0.0,0.0,0.5,0.5,0.0,0.0,1 - ALMACEN PRODUCTO TERMINADO,1 - TITULO 2/18,True
36-23-41,BLANCO,0010,2/18,KILOS,0.5,0.5,0.0,0.0,0.5,0.5,0.0,0.0,1 - ALMACEN PRODUCTO TERMINADO,1 - TITULO 2/18,True
36-24-05,CARTON AM.,6004,2/18,KILOS,0.5,0.5,0.0,0.0,0.5,0.5,0.0,0.0,1 - ALMACEN PRODUCTO TERMINADO,1 - TITULO 2/18,True
36-24-06,VICUÑA,6026,2/18,KILOS,0.5,0.5,0.0,0.0,0.5,0.5,0.0,0.0,1 - ALMACEN PRODUCTO TERMINADO,1 - TITULO 2/18,True
36-24-07,CAFE ROJISO,6013,2/18,KILOS,0.5,0.5,0.0,0.0,0.5,0.5,0.0,0.0,1 - ALMACEN PRODUCTO TERMINADO,1 - TITULO 2/18,True
36-24-09,MOSTAZA,1027,2/18,KILOS,0.5,0.5,0.0,0.0,0.5,0.5,0.0,0.0,1 - ALMACEN PRODUCTO TERMINADO,1 - TITULO 2/18,True
36-24-22,LIMON,0020,2/18,KILOS,0.5,0.5,0.0,0.0,0.5,0.5,0.0,0.0,1 - ALMACEN PRODUCTO TERMINADO,1 - TITULO 2/18,True
36-24-25,CLAVEL,3034,2/18,KILOS,0.5,0.5,0.0,0.0,0.5,0.5,0.0,0.0,1 - ALMACEN PRODUCTO TERMINADO,1 - TITULO 2/18,True
36-24-29,ROJO,3006,2/18,KILOS,0.5,0.5,0.0,0.0,0.5,0.5,0.0,0.0,1 - ALMACEN PRODUCTO TERMINADO,1 - TITULO 2/18,True
36-24-30,NEGRO,5000,2/18,KILOS,0.5,0.5,0.0,0.0,0.5,0.5,0.0,0.0,1 - ALMACEN PRODUCTO TERMINADO,1 - TITULO 2/18,True
36-24-52,VICUÑA,6007,2/18,KILOS,0.5,0.5,0.0,0.0,0.5,0.5,0.0,0.0,1 - ALMACEN PRODUCTO TERMINADO,1 - TITULO 2/18,True
36-24-72,NEGRO,5000,2/18,KILOS,0.5,0.5,0.0,0.0,0.5,0.5,0.0,0.0,1 - ALMACEN PRODUCTO TERMINADO,1 - TITULO 2/18,True
36-24-81,VERDE ESMERALDA,4033,2/18,KILOS,0.5,0.5,0.0,0.0,0.5,0.5,0.0,0.0,1 - ALMACEN PRODUCTO TERMINADO,1 - TITULO 2/18,True
36-24-84,CALIPSO,7008,2/18,KILOS,0.5,0.5,0.0,0.0,0.5,0.5,0.0,0.0,1 - ALMACEN PRODUCTO TERMINADO,1 - TITULO 2/18,True
37-23-19,HUESO,6003,2/18,KILOS,0.5,0.5,0.0,0.0,0.5,0.5,0.0,0.0,1 - ALMACEN PRODUCTO TERMINADO,1 - TITULO 2/18,True
37-23-56,NEGRO,5000,2/18,KILOS,0.5,0.5,0.0,0.0,0.5,0.5,0.0,0.0,1 - ALMACEN PRODUCTO TERMINADO,1 - TITULO 2/18,True
37-23-60,GUINDO,3033,2/18,KILOS,0.5,0.5,0.0,0.0,0.5,0.5,0.0,0.0,1 - ALMACEN PRODUCTO TERMINADO,1 - TITULO 2/18,True
37-23-71,BEIGE,6003,2/18,KILOS,0.5,0.5,0.0,0.0,0.5,0.5,0.0,0.0,1 - ALMACEN PRODUCTO TERMINADO,1 - TITULO 2/18,True
37-24-12,CLAVEL,3034,2/18,KILOS,204.0,204.0,0.0,0.0,204.0,204.0,0.0,0.0,1 - ALMACEN PRODUCTO TERMINADO,1 - TITULO 2/18,True
37-24-23,ROJO,3006,2/18,KILOS,1.5,1.5,0.0,0.0,1.5,1.5,0.0,0.0,1 - ALMACEN PRODUCTO TERMINADO,1 - TITULO 2/18,True
37-24-25,CLAVEL,3034,2/18,KILOS,1.5,1.5,0.0,0.0,1.5,1.5,0.0,0.0,1 - ALMACEN PRODUCTO TERMINADO,1 - TITULO 2/18,True
37-24-34,CALVEL,3034,2/18,KILOS,1.0,1.0,0.0,0.0,1.0,1.0,0.0,0.0,1 - ALMACEN PRODUCTO TERMINADO,1 - TITULO 2/18,True
37-24-41,LILA,7040,2/18,KILOS,2.0,2.0,0.0,0.0,2.0,2.0,0.0,0.0,1 - ALMACEN PRODUCTO TERMINADO,1 - TITULO 2/18,True
37-24-51,ROJO SANDIA,3023,2/18,KILOS,3.0,3.0,0.0,0.0,3.0,3.0,0.0,0.0,1 - ALMACEN PRODUCTO TERMINADO,1 - TITULO 2/18,True
37-24-58,ROJO,3006,2/18,KILOS,3.0,3.0,0.0,0.0,3.0,3.0,0.0,0.0,1 - ALMACEN PRODUCTO TERMINADO,1 - TITULO 2/18,True
37-24-60,NARANJA,1023,2/18,KILOS,0.5,0.5,0.0,0.0,0.5,0.5,0.0,0.0,1 - ALMACEN PRODUCTO TERMINADO,1 - TITULO 2/18,True
38-23-28,KANTUTA,3018,2/18,KILOS,1.0,1.0,0.0,0.0,1.0,1.0,0.0,0.0,1 - ALMACEN PRODUCTO TERMINADO,1 - TITULO 2/18,True
38-23-33,ROJO,3006,2/18,KILOS,2.5,2.5,0.0,0.0,2.5,2.5,0.0,0.0,1 - ALMACEN PRODUCTO TERMINADO,1 - TITULO 2/18,True
38-23-35,NARANJA,1023,2/18,KILOS,0.5,0.5,0.0,0.0,0.5,0.5,0.0,0.0,1 - ALMACEN PRODUCTO TERMINADO,1 - TITULO 2/18,True
38-23-36,CALIPSO,7008,2/18,KILOS,1.5,1.5,0.0,0.0,1.5,1.5,0.0,0.0,1 - ALMACEN PRODUCTO TERMINADO,1 - TITULO 2/18,True
38-23-54-1,FUCSIA,3009,2/18,KILOS,0.5,0.5,0.0,0.0,0.5,0.5,0.0,0.0,1 - ALMACEN PRODUCTO TERMINADO,1 - TITULO 2/18,True
38-23-65,CONFITE,2007,2/18,KILOS,0.5,0.5,0.0,0.0,0.5,0.5,0.0,0.0,1 - ALMACEN PRODUCTO TERMINADO,1 - TITULO 2/18,True
38-23-67,CONFITE,2008,2/18,KILOS,0.5,0.5,0.0,0.0,0.5,0.5,0.0,0.0,1 - ALMACEN PRODUCTO TERMINADO,1 - TITULO 2/18,True
38-23-71,CARTON AMARILLO,6004,2/18,KILOS,0.5,0.5,0.0,0.0,0.5,0.5,0.0,0.0,1 - ALMACEN PRODUCTO TERMINADO,1 - TITULO 2/18,True
38-24-06,GUINDO,3027,2/18,KILOS,0.5,0.5,0.0,0.0,0.5,0.5,0.0,0.0,1 - ALMACEN PRODUCTO TERMINADO,1 - TITULO 2/18,True
38-24-12,VERDE COCA,4036,2/18,KILOS,7.0,7.0,0.0,0.0,7.0,7.0,0.0,0.0,1 - ALMACEN PRODUCTO TERMINADO,1 - TITULO 2/18,True
38-24-22,AVIACION,7042,2/18,KILOS,0.5,0.5,0.0,0.0,0.5,0.5,0.0,0.0,1 - ALMACEN PRODUCTO TERMINADO,1 - TITULO 2/18,True
38-24-27,GUINDO,3033,2/18,KILOS,0.5,0.5,0.0,0.0,0.5,0.5,0.0,0.0,1 - ALMACEN PRODUCTO TERMINADO,1 - TITULO 2/18,True
38-24-48,NEGRO,5000,2/18,KILOS,1.0,1.0,0.0,0.0,1.0,1.0,0.0,0.0,1 - ALMACEN PRODUCTO TERMINADO,1 - TITULO 2/18,True
38-24-50,SALMON,3003,2/18,KILOS,0.5,0.5,0.0,0.0,0.5,0.5,0.0,0.0,1 - ALMACEN PRODUCTO TERMINADO,1 - TITULO 2/18,True
38-24-59,VERDE ESMSERALDA,4013,2/18,KILOS,0.5,0.5,0.0,0.0,0.5,0.5,0.0,0.0,1 - ALMACEN PRODUCTO TERMINADO,1 - TITULO 2/18,True
39-23-02,SALMON,3038,2/18,KILOS,0.5,0.5,0.0,0.0,0.5,0.5,0.0,0.0,1 - ALMACEN PRODUCTO TERMINADO,1 - TITULO 2/18,True
39-23-10,TURQUEZA,7003,2/18,KILOS,0.5,0.5,0.0,0.0,0.5,0.5,0.0,0.0,1 - ALMACEN PRODUCTO TERMINADO,1 - TITULO 2/18,True
39-23-14,VICUÑA,6011,2/18,KILOS,1.0,1.0,0.0,0.0,1.0,1.0,0.0,0.0,1 - ALMACEN PRODUCTO TERMINADO,1 - TITULO 2/18,True
39-23-18,ROJO,3006,2/18,KILOS,1.0,1.0,0.0,0.0,1.0,1.0,0.0,0.0,1 - ALMACEN PRODUCTO TERMINADO,1 - TITULO 2/18,True
39-23-22-1,GUINDO,3029,2/18,KILOS,24.0,24.0,0.0,0.0,24.0,24.0,0.0,0.0,1 - ALMACEN PRODUCTO TERMINADO,1 - TITULO 2/18,True
39-23-24,VERDE BANDERA,4010,2/18,KILOS,1.0,1.0,0.0,0.0,1.0,1.0,0.0,0.0,1 - ALMACEN PRODUCTO TERMINADO,1 - TITULO 2/18,True
39-23-25,AMARILLO CANARIO,0021,2/18,KILOS,1.5,1.5,0.0,0.0,1.5,1.5,0.0,0.0,1 - ALMACEN PRODUCTO TERMINADO,1 - TITULO 2/18,True
39-23-27,AMARILLO ORO,0016,2/18,KILOS,6.5,6.5,0.0,0.0,6.5,6.5,0.0,0.0,1 - ALMACEN PRODUCTO TERMINADO,1 - TITULO 2/18,True
39-23-28,VERDE LECHUGA,4034,2/18,KILOS,1.5,1.5,0.0,0.0,1.5,1.5,0.0,0.0,1 - ALMACEN PRODUCTO TERMINADO,1 - TITULO 2/18,True
39-23-36,MARFIL,0022,2/18,KILOS,0.5,0.5,0.0,0.0,0.5,0.5,0.0,0.0,1 - ALMACEN PRODUCTO TERMINADO,1 - TITULO 2/18,True
39-23-40,FUCSIA,3049,2/18,KILOS,0.5,0.5,0.0,0.0,0.5,0.5,0.0,0.0,1 - ALMACEN PRODUCTO TERMINADO,1 - TITULO 2/18,True
39-23-50,VICUÑA,6011,2/18,KILOS,6.0,6.0,0.0,0.0,6.0,6.0,0.0,0.0,1 - ALMACEN PRODUCTO TERMINADO,1 - TITULO 2/18,True
39-23-67,AZUL PETROLEO,7009,2/18,KILOS,0.5,0.5,0.0,0.0,0.5,0.5,0.0,0.0,1 - ALMACEN PRODUCTO TERMINADO,1 - TITULO 2/18,True
39-23-69,VERDE COCA,4036,2/18,KILOS,0.5,0.5,0.0,0.0,0.0,0.0,0.5,0.5,1 - ALMACEN PRODUCTO TERMINADO,1 - TITULO 2/18,True
39-24-17,CELESTE,7054,2/18,KILOS,0.5,0.5,0.0,0.0,0.5,0.5,0.0,0.0,1 - ALMACEN PRODUCTO TERMINADO,1 - TITULO 2/18,True
39-24-19,ROJO,3017,2/18,KILOS,0.5,0.5,0.0,0.0,0.5,0.5,0.0,0.0,1 - ALMACEN PRODUCTO TERMINADO,1 - TITULO 2/18,True
40-23-01,TURQUEZA,7003,2/18,KILOS,0.5,0.5,0.0,0.0,0.5,0.5,0.0,0.0,1 - ALMACEN PRODUCTO TERMINADO,1 - TITULO 2/18,True
40-23-05,FUCSIA,3009,2/18,KILOS,0.5,0.5,0.0,0.0,0.5,0.5,0.0,0.0,1 - ALMACEN PRODUCTO TERMINADO,1 - TITULO 2/18,True
40-23-22,GUINDO,3033,2/18,KILOS,4.5,4.5,0.0,0.0,4.5,4.5,0.0,0.0,1 - ALMACEN PRODUCTO TERMINADO,1 - TITULO 2/18,True
40-23-30,VERDE BANDERA,4010,2/18,KILOS,1.0,1.0,0.0,0.0,1.0,1.0,0.0,0.0,1 - ALMACEN PRODUCTO TERMINADO,1 - TITULO 2/18,True
40-23-31,KANTUTA,3018,2/18,KILOS,0.5,0.5,0.0,0.0,0.5,0.5,0.0,0.0,1 - ALMACEN PRODUCTO TERMINADO,1 - TITULO 2/18,True
40-23-40,BLANCO,0010,2/18,KILOS,2.0,2.0,0.0,0.0,2.0,2.0,0.0,0.0,1 - ALMACEN PRODUCTO TERMINADO,1 - TITULO 2/18,True
40-23-51,VICUÑA,6011,2/18,KILOS,0.5,0.5,0.0,0.0,0.5,0.5,0.0,0.0,1 - ALMACEN PRODUCTO TERMINADO,1 - TITULO 2/18,True
40-23-55,NEGRO,5000,2/18,KILOS,0.5,0.5,0.0,0.0,0.5,0.5,0.0,0.0,1 - ALMACEN PRODUCTO TERMINADO,1 - TITULO 2/18,True
40-23-63,KANTUTA,3045,2/18,KILOS,0.5,0.5,0.0,0.0,0.5,0.5,0.0,0.0,1 - ALMACEN PRODUCTO TERMINADO,1 - TITULO 2/18,True
40-23-68,CICLAN,2004,2/18,KILOS,0.5,0.5,0.0,0.0,0.5,0.5,0.0,0.0,1 - ALMACEN PRODUCTO TERMINADO,1 - TITULO 2/18,True
40-23-69,SALMON,3002,2/18,KILOS,1.0,1.0,0.0,0.0,1.0,1.0,0.0,0.0,1 - ALMACEN PRODUCTO TERMINADO,1 - TITULO 2/18,True
40-23-84,CICLAN,2004,2/18,KILOS,7.0,7.0,0.0,0.0,7.0,7.0,0.0,0.0,1 - ALMACEN PRODUCTO TERMINADO,1 - TITULO 2/18,True
40-24-07,AVIACION,7042,2/18,KILOS,0.5,0.5,0.0,0.0,0.5,0.5,0.0,0.0,1 - ALMACEN PRODUCTO TERMINADO,1 - TITULO 2/18,True
40-24-37,VERDE LECHUGA,4034,2/18,KILOS,6.0,6.0,0.0,0.0,0.0,0.0,6.0,6.0,1 - ALMACEN PRODUCTO TERMINADO,1 - TITULO 2/18,True
41-24-34,CALIPSO,7008,2/18,KILOS,1.5,1.5,0.0,0.0,1.5,1.5,0.0,0.0,1 - ALMACEN PRODUCTO TERMINADO,1 - TITULO 2/18,True
41-24-35,KANTUTA,3018,2/18,KILOS,0.5,0.5,0.0,0.0,0.5,0.5,0.0,0.0,1 - ALMACEN PRODUCTO TERMINADO,1 - TITULO 2/18,True
41-24-55,ROJO,3017,2/18,KILOS,0.5,0.5,0.0,0.0,0.5,0.5,0.0,0.0,1 - ALMACEN PRODUCTO TERMINADO,1 - TITULO 2/18,True
41-24-56,KANTUTA,3018,2/18,KILOS,0.5,0.5,0.0,0.0,0.5,0.5,0.0,0.0,1 - ALMACEN PRODUCTO TERMINADO,1 - TITULO 2/18,True
42-24-05,VICUÑA,6011,2/18,KILOS,0.5,0.5,0.0,0.0,0.5,0.5,0.0,0.0,1 - ALMACEN PRODUCTO TERMINADO,1 - TITULO 2/18,True
42-24-38,BEIGE HUESO,6003,2/18,KILOS,0.5,0.5,0.0,0.0,0.5,0.5,0.0,0.0,1 - ALMACEN PRODUCTO TERMINADO,1 - TITULO 2/18,True
42-24-49,NEGRO,5000,2/18,KILOS,1.0,1.0,0.0,0.0,1.0,1.0,0.0,0.0,1 - ALMACEN PRODUCTO TERMINADO,1 - TITULO 2/18,True
42-24-62,BLANCO,0010,2/18,KILOS,0.5,0.5,0.0,0.0,0.5,0.5,0.0,0.0,1 - ALMACEN PRODUCTO TERMINADO,1 - TITULO 2/18,True
42-24-83,CICLAN,2004,2/18,KILOS,0.5,0.5,0.0,0.0,0.5,0.5,0.0,0.0,1 - ALMACEN PRODUCTO TERMINADO,1 - TITULO 2/18,True
43-24-06,ROJO,3006,2/18,KILOS,0.5,0.5,0.0,0.0,0.5,0.5,0.0,0.0,1 - ALMACEN PRODUCTO TERMINADO,1 - TITULO 2/18,True
43-24-13,AVIACION,7042,2/18,KILOS,1.5,1.5,0.0,0.0,1.5,1.5,0.0,0.0,1 - ALMACEN PRODUCTO TERMINADO,1 - TITULO 2/18,True
43-24-50,PLOMO PLATA,8009,2/18,KILOS,1.0,1.0,0.0,0.0,1.0,1.0,0.0,0.0,1 - ALMACEN PRODUCTO TERMINADO,1 - TITULO 2/18,True
43-24-52,VERDE BANDERA,4010,2/18,KILOS,0.5,0.5,0.0,0.0,0.5,0.5,0.0,0.0,1 - ALMACEN PRODUCTO TERMINADO,1 - TITULO 2/18,True
43-24-66,FUCSIA,3009,2/18,KILOS,0.5,0.5,0.0,0.0,0.5,0.5,0.0,0.0,1 - ALMACEN PRODUCTO TERMINADO,1 - TITULO 2/18,True
44-24-05,NEGRO,5000,2/18,KILOS,0.5,0.5,0.0,0.0,0.5,0.5,0.0,0.0,1 - ALMACEN PRODUCTO TERMINADO,1 - TITULO 2/18,True
44-24-60,CARTON AMARILLO,6004,2/18,KILOS,0.5,0.5,0.0,0.0,0.5,0.5,0.0,0.0,1 - ALMACEN PRODUCTO TERMINADO,1 - TITULO 2/18,True
44-24-62,AZULINO,7006,2/18,KILOS,1.0,1.0,0.0,0.0,1.0,1.0,0.0,0.0,1 - ALMACEN PRODUCTO TERMINADO,1 - TITULO 2/18,True
45-24-02,CAFE ROJISO,6013,2/18,KILOS,204.0,204.0,0.0,0.0,0.0,0.0,204.0,204.0,1 - ALMACEN PRODUCTO TERMINADO,1 - TITULO 2/18,True
45-24-06,CAFE ROJISO,6013,2/18,KILOS,0.5,0.5,0.0,0.0,0.5,0.5,0.0,0.0,1 - ALMACEN PRODUCTO TERMINADO,1 - TITULO 2/18,True
45-24-28,NARANJA,1013,2/18,KILOS,0.5,0.5,0.0,0.0,0.5,0.5,0.0,0.0,1 - ALMACEN PRODUCTO TERMINADO,1 - TITULO 2/18,True
45-24-40,FUCSIA,3009,2/18,KILOS,0.5,0.5,0.0,0.0,0.5,0.5,0.0,0.0,1 - ALMACEN PRODUCTO TERMINADO,1 - TITULO 2/18,True
45-24-53,NEGRO,5000,2/18,KILOS,0.5,0.5,0.0,0.0,0.5,0.5,0.0,0.0,1 - ALMACEN PRODUCTO TERMINADO,1 - TITULO 2/18,True
46-24-13,BEIGE HUESO,6003,2/18,KILOS,0.5,0.5,0.0,0.0,0.5,0.5,0.0,0.0,1 - ALMACEN PRODUCTO TERMINADO,1 - TITULO 2/18,True
46-24-15,BLANCO,0010,2/18,KILOS,0.5,0.5,0.0,0.0,0.5,0.5,0.0,0.0,1 - ALMACEN PRODUCTO TERMINADO,1 - TITULO 2/18,True
46-24-21,GUINDO,3027,2/18,KILOS,0.5,0.5,0.0,0.0,0.5,0.5,0.0,0.0,1 - ALMACEN PRODUCTO TERMINADO,1 - TITULO 2/18,True
46-24-33,BLANCO,0010,2/18,KILOS,1.0,1.0,0.0,0.0,1.0,1.0,0.0,0.0,1 - ALMACEN PRODUCTO TERMINADO,1 - TITULO 2/18,True
46-24-35,AZUL PETROLEO,7009,2/18,KILOS,5.0,5.0,0.0,0.0,5.0,5.0,0.0,0.0,1 - ALMACEN PRODUCTO TERMINADO,1 - TITULO 2/18,True
46-24-40,TURQUEZA,7003,2/18,KILOS,2.0,2.0,0.0,0.0,0.0,0.0,2.0,2.0,1 - ALMACEN PRODUCTO TERMINADO,1 - TITULO 2/18,True
46-24-46,NEGRO,5000,2/18,KILOS,0.5,0.5,0.0,0.0,0.5,0.5,0.0,0.0,1 - ALMACEN PRODUCTO TERMINADO,1 - TITULO 2/18,True
46-24-55,KANTUTA,3018,2/18,KILOS,1.5,1.5,0.0,0.0,1.5,1.5,0.0,0.0,1 - ALMACEN PRODUCTO TERMINADO,1 - TITULO 2/18,True
46-24-66,LILA,7043,2/18,KILOS,0.5,0.5,0.0,0.0,0.5,0.5,0.0,0.0,1 - ALMACEN PRODUCTO TERMINADO,1 - TITULO 2/18,True
46-24-68,ROJO SANDIA,3023,2/18,KILOS,1.0,1.0,0.0,0.0,1.0,1.0,0.0,0.0,1 - ALMACEN PRODUCTO TERMINADO,1 - TITULO 2/18,True
47-24-01,VERDE MEDIO,4029,2/18,KILOS,0.5,0.5,0.0,0.0,0.5,0.5,0.0,0.0,1 - ALMACEN PRODUCTO TERMINADO,1 - TITULO 2/18,True
47-24-07,AZUL PETROLEO,7009,2/18,KILOS,0.5,0.5,0.0,0.0,0.5,0.5,0.0,0.0,1 - ALMACEN PRODUCTO TERMINADO,1 - TITULO 2/18,True
47-24-13,BEIGE OSC.,6021,2/18,KILOS,0.5,0.5,0.0,0.0,0.5,0.5,0.0,0.0,1 - ALMACEN PRODUCTO TERMINADO,1 - TITULO 2/18,True
47-24-15,CALIPSO,7008,2/18,KILOS,5.5,5.5,0.0,0.0,5.5,5.5,0.0,0.0,1 - ALMACEN PRODUCTO TERMINADO,1 - TITULO 2/18,True
47-24-18,SANDIA,3004,2/18,KILOS,3.0,3.0,0.0,0.0,3.0,3.0,0.0,0.0,1 - ALMACEN PRODUCTO TERMINADO,1 - TITULO 2/18,True
47-24-20,KANTUTA,3045,2/18,KILOS,0.5,0.5,0.0,0.0,0.5,0.5,0.0,0.0,1 - ALMACEN PRODUCTO TERMINADO,1 - TITULO 2/18,True
47-24-24,AZUL PETROLEO,7009,2/18,KILOS,3.0,3.0,0.0,0.0,3.0,3.0,0.0,0.0,1 - ALMACEN PRODUCTO TERMINADO,1 - TITULO 2/18,True
47-24-28,BLANCO,0010,2/18,KILOS,0.0,0.0,203.5,203.5,203.5,203.5,0.0,0.0,1 - ALMACEN PRODUCTO TERMINADO,1 - TITULO 2/18,True
47-24-30,BLANCO,0010,2/18,KILOS,0.0,0.0,204.0,204.0,204.0,204.0,0.0,0.0,1 - ALMACEN PRODUCTO TERMINADO,1 - TITULO 2/18,True
47-24-33,BLANCO,0010,2/18,KILOS,0.0,0.0,204.0,204.0,204.0,204.0,0.0,0.0,1 - ALMACEN PRODUCTO TERMINADO,1 - TITULO 2/18,True
47-24-37,BLANCO,0010,2/18,KILOS,0.0,0.0,203.5,203.5,203.5,203.5,0.0,0.0,1 - ALMACEN PRODUCTO TERMINADO,1 - TITULO 2/18,True
47-24-40,AVIACION,7042,2/18,KILOS,0.0,0.0,204.0,204.0,204.0,204.0,0.0,0.0,1 - ALMACEN PRODUCTO TERMINADO,1 - TITULO 2/18,True
47-24-41,VERDE BANDERA,4010,2/18,KILOS,0.0,0.0,204.0,204.0,204.0,204.0,0.0,0.0,1 - ALMACEN PRODUCTO TERMINADO,1 - TITULO 2/18,True
47-24-43,VERDE LECHUGA,4007,2/18,KILOS,0.0,0.0,204.5,204.5,204.5,204.5,0.0,0.0,1 - ALMACEN PRODUCTO TERMINADO,1 - TITULO 2/18,True
47-24-46,CARTON AMARILLO,6004,2/18,KILOS,0.0,0.0,203.5,203.5,203.5,203.5,0.0,0.0,1 - ALMACEN PRODUCTO TERMINADO,1 - TITULO 2/18,True
47-24-48,CARTON AMARILLO,6004,2/18,KILOS,0.0,0.0,204.0,204.0,204.0,204.0,0.0,0.0,1 - ALMACEN PRODUCTO TERMINADO,1 - TITULO 2/18,True
47-24-50,VERDE,4073,2/18,KILOS,0.0,0.0,204.0,204.0,204.0,204.0,0.0,0.0,1 - ALMACEN PRODUCTO TERMINADO,1 - TITULO 2/18,True
47-24-51,ROJO,3006,2/18,KILOS,0.0,0.0,204.5,204.5,204.0,204.0,0.5,0.5,1 - ALMACEN PRODUCTO TERMINADO,1 - TITULO 2/18,True
47-24-53,FUCSIA,3009,2/18,KILOS,0.0,0.0,204.0,204.0,204.0,204.0,0.0,0.0,1 - ALMACEN PRODUCTO TERMINADO,1 - TITULO 2/18,True
47-24-55,AMARILLO ORO,0016,2/18,KILOS,0.0,0.0,204.5,204.5,204.5,204.5,0.0,0.0,1 - ALMACEN PRODUCTO TERMINADO,1 - TITULO 2/18,True
47-24-59,CONFITE,2002,2/18,KILOS,0.0,0.0,205.0,205.0,205.0,205.0,0.0,0.0,1 - ALMACEN PRODUCTO TERMINADO,1 - TITULO 2/18,True
47-24-62,CALIPSO,7008,2/18,KILOS,0.0,0.0,204.0,204.0,204.0,204.0,0.0,0.0,1 - ALMACEN PRODUCTO TERMINADO,1 - TITULO 2/18,True
47-24-64,VERDE LECHUGA,4008,2/18,KILOS,0.0,0.0,204.0,204.0,204.0,204.0,0.0,0.0,1 - ALMACEN PRODUCTO TERMINADO,1 - TITULO 2/18,True
47-24-65,KANTUTA,3018,2/18,KILOS,0.0,0.0,204.0,204.0,204.0,204.0,0.0,0.0,1 - ALMACEN PRODUCTO TERMINADO,1 - TITULO 2/18,True
47-24-67,AZUL PASTEL,7012,2/18,KILOS,0.0,0.0,204.0,204.0,204.0,204.0,0.0,0.0,1 - ALMACEN PRODUCTO TERMINADO,1 - TITULO 2/18,True
47-24-69,BEIGE HUESO,6003,2/18,KILOS,0.0,0.0,204.0,204.0,204.0,204.0,0.0,0.0,1 - ALMACEN PRODUCTO TERMINADO,1 - TITULO 2/18,True
01-24-05,FUCSIA,3009,2/32,KILOS,1.0,1.0,0.0,0.0,0.0,0.0,1.0,1.0,1 - ALMACEN PRODUCTO TERMINADO,2 - TITULO 2/32,True
01-24-18,CICLAN,2004,2/32,KILOS,0.5,0.5,0.0,0.0,0.0,0.0,0.5,0.5,1 - ALMACEN PRODUCTO TERMINADO,2 - TITULO 2/32,True
01-24-59,VICUÑA,6026,2/32,KILOS,1.0,1.0,0.0,0.0,0.0,0.0,1.0,1.0,1 - ALMACEN PRODUCTO TERMINADO,2 - TITULO 2/32,True
01-25-02,AZUL MARINO  7013  2/32-D,,,KILOS,0.0,0.0,204.0,204.0,204.0,204.0,0.0,0.0,1 - ALMACEN PRODUCTO TERMINADO,2 - TITULO 2/32,True
01-25-06,GUINDO POT.  3035  2/32-D,,,KILOS,0.0,0.0,204.5,204.5,204.0,204.0,0.5,0.5,1 - ALMACEN PRODUCTO TERMINADO,2 - TITULO 2/32,True
01-25-10,CALIPSO  7008  2/32-D,,,KILOS,0.0,0.0,204.0,204.0,204.0,204.0,0.0,0.0,1 - ALMACEN PRODUCTO TERMINADO,2 - TITULO 2/32,True
01-25-14,NEGRO  5000  2/32-D,,,JUEGO,0.0,0.0,204.0,204.0,204.0,204.0,0.0,0.0,1 - ALMACEN PRODUCTO TERMINADO,2 - TITULO 2/32,True
01-25-16,VERDE BOTELLA  4011  2/32-D,,,KILOS,0.0,0.0,204.0,204.0,204.0,204.0,0.0,0.0,1 - ALMACEN PRODUCTO TERMINADO,2 - TITULO 2/32,True
01-25-21,CICLAN  2004  2/32-D,,,KILOS,0.0,0.0,204.0,204.0,204.0,204.0,0.0,0.0,1 - ALMACEN PRODUCTO TERMINADO,2 - TITULO 2/32,True
01-25-26,FUCSIA  2009  2/32-D,,,KILOS,0.0,0.0,204.0,204.0,204.0,204.0,0.0,0.0,1 - ALMACEN PRODUCTO TERMINADO,2 - TITULO 2/32,True
01-25-29,AZALEA  7015  2/32-D,,,KILOS,0.0,0.0,204.0,204.0,204.0,204.0,0.0,0.0,1 - ALMACEN PRODUCTO TERMINADO,2 - TITULO 2/32,True
01-25-35,VERDE BANDERA  4010  2/32-D,,,KILOS,0.0,0.0,204.5,204.5,204.0,204.0,0.5,0.5,1 - ALMACEN PRODUCTO TERMINADO,2 - TITULO 2/32,True
01-25-39,BLANCO  0010  2/32-D,,,KILOS,0.0,0.0,204.0,204.0,204.0,204.0,0.0,0.0,1 - ALMACEN PRODUCTO TERMINADO,2 - TITULO 2/32,True
01-25-43,CLAVEL  3034  2/32-D,,,KILOS,0.0,0.0,204.0,204.0,204.0,204.0,0.0,0.0,1 - ALMACEN PRODUCTO TERMINADO,2 - TITULO 2/32,True
01-25-48,VERDE LIMON  4051  2/32-D,,,KILOS,0.0,0.0,204.0,204.0,204.0,204.0,0.0,0.0,1 - ALMACEN PRODUCTO TERMINADO,2 - TITULO 2/32,True
01-25-52,BLANCO  0010  2/32-D,,,KILOS,0.0,0.0,204.0,204.0,204.0,204.0,0.0,0.0,1 - ALMACEN PRODUCTO TERMINADO,2 - TITULO 2/32,True
01-25-58,ROJO  3006  2/32-D,,,KILOS,0.0,0.0,204.5,204.5,204.0,204.0,0.5,0.5,1 - ALMACEN PRODUCTO TERMINADO,2 - TITULO 2/32,True
02-24-10,VERDE BANDERA,4010,2/32,KILOS,1.0,1.0,0.0,0.0,0.0,0.0,1.0,1.0,1 - ALMACEN PRODUCTO TERMINADO,2 - TITULO 2/32,True
02-25-07,AZUL MARINO  7013  2/32-D,,,KILOS,0.0,0.0,204.0,204.0,204.0,204.0,0.0,0.0,1 - ALMACEN PRODUCTO TERMINADO,2 - TITULO 2/32,True
02-25-21,BEIGE  6002  2/32-D,,,KILOS,0.0,0.0,204.0,204.0,204.0,204.0,0.0,0.0,1 - ALMACEN PRODUCTO TERMINADO,2 - TITULO 2/32,True
02-25-27,NEGRO  5000  2/32-D,,,KILOS,0.0,0.0,204.0,204.0,204.0,204.0,0.0,0.0,1 - ALMACEN PRODUCTO TERMINADO,2 - TITULO 2/32,True
02-25-33,AZUL PETROLEO  7009  2/32-D,,,KILOS,0.0,0.0,204.0,204.0,204.0,204.0,0.0,0.0,1 - ALMACEN PRODUCTO TERMINADO,2 - TITULO 2/32,True
02-25-43,VERDE BANDERA  4010  2/32-D,,,KILOS,0.0,0.0,204.0,204.0,204.0,204.0,0.0,0.0,1 - ALMACEN PRODUCTO TERMINADO,2 - TITULO 2/32,True
02-25-48,VICUÑA  6012 2/32-D,,,KILOS,0.0,0.0,204.0,204.0,204.0,204.0,0.0,0.0,1 - ALMACEN PRODUCTO TERMINADO,2 - TITULO 2/32,True
02-25-70,GUINDO POT.  3035  2/32-D,,,KILOS,0.0,0.0,203.5,203.5,203.5,203.5,0.0,0.0,1 - ALMACEN PRODUCTO TERMINADO,2 - TITULO 2/32,True
02-25-74,BLANCO  0010  2/32-D,,,KILOS,0.0,0.0,204.0,204.0,204.0,204.0,0.0,0.0,1 - ALMACEN PRODUCTO TERMINADO,2 - TITULO 2/32,True
03-24-21,BLANCO,0010,2/32,KILOS,0.5,0.5,0.0,0.0,0.0,0.0,0.5,0.5,1 - ALMACEN PRODUCTO TERMINADO,2 - TITULO 2/32,True
03-25-01,VICUÑA  6011  2/32-D,,,KILOS,0.0,0.0,204.0,204.0,204.0,204.0,0.0,0.0,1 - ALMACEN PRODUCTO TERMINADO,2 - TITULO 2/32,True
03-25-04,AZUL MARINO  7013  2/32-D,,,KILOS,0.0,0.0,204.0,204.0,204.0,204.0,0.0,0.0,1 - ALMACEN PRODUCTO TERMINADO,2 - TITULO 2/32,True
03-25-07,KANTUTA  3018  2/32-D,,,KILOS,0.0,0.0,204.0,204.0,204.0,204.0,0.0,0.0,1 - ALMACEN PRODUCTO TERMINADO,2 - TITULO 2/32,True
03-25-12,NERGO  5000  2/32-D,,,KILOS,0.0,0.0,204.0,204.0,204.0,204.0,0.0,0.0,1 - ALMACEN PRODUCTO TERMINADO,2 - TITULO 2/32,True
03-25-22,PLOMO PLATA  8001  2/32-D,,,KILOS,0.0,0.0,204.0,204.0,204.0,204.0,0.0,0.0,1 - ALMACEN PRODUCTO TERMINADO,2 - TITULO 2/32,True
03-25-39,NEGRO  5000  2/32-D,,,KILOS,0.0,0.0,204.0,204.0,204.0,204.0,0.0,0.0,1 - ALMACEN PRODUCTO TERMINADO,2 - TITULO 2/32,True
03-25-43,AZUL PETROLEO  7009  2/32-D,,,KILOS,0.0,0.0,204.0,204.0,204.0,204.0,0.0,0.0,1 - ALMACEN PRODUCTO TERMINADO,2 - TITULO 2/32,True
03-25-53,ROJO  3006  2/32-D,,,KILOS,0.0,0.0,204.0,204.0,204.0,204.0,0.0,0.0,1 - ALMACEN PRODUCTO TERMINADO,2 - TITULO 2/32,True
04-25-03,FUCSIA  3009  2/32-D,,,KILOS,0.0,0.0,204.0,204.0,204.0,204.0,0.0,0.0,1 - ALMACEN PRODUCTO TERMINADO,2 - TITULO 2/32,True
04-25-07,TERRACOTA  6031  2/32-D,,,KILOS,0.0,0.0,204.5,204.5,204.0,204.0,0.5,0.5,1 - ALMACEN PRODUCTO TERMINADO,2 - TITULO 2/32,True
04-25-20,SALMON  3002  2/32-D,,,KILOS,0.0,0.0,204.0,204.0,204.0,204.0,0.0,0.0,1 - ALMACEN PRODUCTO TERMINADO,2 - TITULO 2/32,True
04-25-26,AMARILLO ORO  0016  2/32-D,,,KILOS,0.0,0.0,204.0,204.0,204.0,204.0,0.0,0.0,1 - ALMACEN PRODUCTO TERMINADO,2 - TITULO 2/32,True
04-25-43,VERDE BANDERA  4010  2/32-D,,,KILOS,0.0,0.0,204.0,204.0,204.0,204.0,0.0,0.0,1 - ALMACEN PRODUCTO TERMINADO,2 - TITULO 2/32,True
04-25-54,CLAVEL  3034  2/32-D,,,KILOS,0.0,0.0,204.0,204.0,0.0,0.0,204.0,204.0,1 - ALMACEN PRODUCTO TERMINADO,2 - TITULO 2/32,True
05-24-73,BLANCO,0010,2/32,KILOS,0.5,0.5,0.0,0.0,0.0,0.0,0.5,0.5,1 - ALMACEN PRODUCTO TERMINADO,2 - TITULO 2/32,True
05-24-81,VERDE LECHUGA,4034,2/32,KILOS,0.5,0.5,0.0,0.0,0.0,0.0,0.5,0.5,1 - ALMACEN PRODUCTO TERMINADO,2 - TITULO 2/32,True
07-24-12,BLANCO,0010,2/32,KILOS,0.5,0.5,0.0,0.0,0.0,0.0,0.5,0.5,1 - ALMACEN PRODUCTO TERMINADO,2 - TITULO 2/32,True
07-24-46,VERDE LIMON,4051,2/32,KILOS,0.5,0.5,0.0,0.0,0.0,0.0,0.5,0.5,1 - ALMACEN PRODUCTO TERMINADO,2 - TITULO 2/32,True
07-24-76,AZUL PASTEL,7012,2/32,KILOS,0.5,0.5,0.0,0.0,0.0,0.0,0.5,0.5,1 - ALMACEN PRODUCTO TERMINADO,2 - TITULO 2/32,True
08-24-28,CALIPSO,7008,2/32,KILOS,0.5,0.5,0.0,0.0,0.0,0.0,0.5,0.5,1 - ALMACEN PRODUCTO TERMINADO,2 - TITULO 2/32,True
08-24-71,BEIGE,6002,2/32,KILOS,0.5,0.5,0.0,0.0,0.0,0.0,0.5,0.5,1 - ALMACEN PRODUCTO TERMINADO,2 - TITULO 2/32,True
09-24-63,AZUL MARINO,7013,2/32,KILOS,0.5,0.5,0.0,0.0,0.0,0.0,0.5,0.5,1 - ALMACEN PRODUCTO TERMINADO,2 - TITULO 2/32,True
09-24-71,VERDE COCA,4036,2/32,KILOS,0.5,0.5,0.0,0.0,0.0,0.0,0.5,0.5,1 - ALMACEN PRODUCTO TERMINADO,2 - TITULO 2/32,True
10-24-01,VERDE LIMON,4051,2/32,KILOS,0.5,0.5,0.0,0.0,0.0,0.0,0.5,0.5,1 - ALMACEN PRODUCTO TERMINADO,2 - TITULO 2/32,True
10-24-14,BLANCO,0010,2/32,KILOS,0.5,0.5,0.0,0.0,0.0,0.0,0.5,0.5,1 - ALMACEN PRODUCTO TERMINADO,2 - TITULO 2/32,True
10-24-17,BEIGE CARTON,6002,2/32,KILOS,0.5,0.5,0.0,0.0,0.0,0.0,0.5,0.5,1 - ALMACEN PRODUCTO TERMINADO,2 - TITULO 2/32,True
10-24-39,MORADO,7023,2/32,KILOS,0.5,0.5,0.0,0.0,0.0,0.0,0.5,0.5,1 - ALMACEN PRODUCTO TERMINADO,2 - TITULO 2/32,True
10-24-71,TERRACOTA CAFE,6031,2/32,KILOS,0.5,0.5,0.0,0.0,0.0,0.0,0.5,0.5,1 - ALMACEN PRODUCTO TERMINADO,2 - TITULO 2/32,True
11-24-43,KANTUTA,3045,2/32,KILOS,0.5,0.5,0.0,0.0,0.0,0.0,0.5,0.5,1 - ALMACEN PRODUCTO TERMINADO,2 - TITULO 2/32,True
11-24-68,KANTUTA,3045,2/32,KILOS,0.5,0.5,0.0,0.0,0.0,0.0,0.5,0.5,1 - ALMACEN PRODUCTO TERMINADO,2 - TITULO 2/32,True
12-24-09,BLANCO,0010,2/32,KILOS,0.5,0.5,0.0,0.0,0.0,0.0,0.5,0.5,1 - ALMACEN PRODUCTO TERMINADO,2 - TITULO 2/32,True
12-24-15,FUCSIA,3009,2/32,KILOS,0.5,0.5,0.0,0.0,0.0,0.0,0.5,0.5,1 - ALMACEN PRODUCTO TERMINADO,2 - TITULO 2/32,True
12-24-28,BEIGE CARTON,6002,2/32,KILOS,0.5,0.5,0.0,0.0,0.0,0.0,0.5,0.5,1 - ALMACEN PRODUCTO TERMINADO,2 - TITULO 2/32,True
12-24-52,VERDE BANDERA,4010,2/32,KILOS,0.5,0.5,0.0,0.0,0.0,0.0,0.5,0.5,1 - ALMACEN PRODUCTO TERMINADO,2 - TITULO 2/32,True
12-24-54,NEGRO,5000,2/32,KILOS,0.5,0.5,0.0,0.0,0.0,0.0,0.5,0.5,1 - ALMACEN PRODUCTO TERMINADO,2 - TITULO 2/32,True
12-24-84,LILA BAJO,7018,2/32,KILOS,0.5,0.5,0.0,0.0,0.0,0.0,0.5,0.5,1 - ALMACEN PRODUCTO TERMINADO,2 - TITULO 2/32,True
13-24-03,GUINDO,3014,2/32,KILOS,0.5,0.5,0.0,0.0,0.0,0.0,0.5,0.5,1 - ALMACEN PRODUCTO TERMINADO,2 - TITULO 2/32,True
13-24-27-1,BLANCO,0010,2/32,KILOS,0.5,0.5,0.0,0.0,0.0,0.0,0.5,0.5,1 - ALMACEN PRODUCTO TERMINADO,2 - TITULO 2/32,True
13-24-51,VICUÑA  6007  2/32-D,,,KILOS,0.5,0.5,0.0,0.0,0.0,0.0,0.5,0.5,1 - ALMACEN PRODUCTO TERMINADO,2 - TITULO 2/32,True
13-24-55,ROJO  3006  2/32-D,,,KILOS,0.5,0.5,0.0,0.0,0.0,0.0,0.5,0.5,1 - ALMACEN PRODUCTO TERMINADO,2 - TITULO 2/32,True
14-24-25,VICUÑA  6012  2/32-D,,,KILOS,0.5,0.5,0.0,0.0,0.0,0.0,0.5,0.5,1 - ALMACEN PRODUCTO TERMINADO,2 - TITULO 2/32,True
14-24-35,BEIGE  6002  2/32-D,,,KILOS,0.5,0.5,0.0,0.0,0.0,0.0,0.5,0.5,1 - ALMACEN PRODUCTO TERMINADO,2 - TITULO 2/32,True
14-24-40,MARFIL  0017  2/32-D,,,KILOS,1.5,1.5,0.0,0.0,0.0,0.0,1.5,1.5,1 - ALMACEN PRODUCTO TERMINADO,2 - TITULO 2/32,True
14-24-76,NARANJA  1023  2/32-D,,,KILOS,0.5,0.5,0.0,0.0,0.0,0.0,0.5,0.5,1 - ALMACEN PRODUCTO TERMINADO,2 - TITULO 2/32,True
14-24-84,VICUÑA  1032  2/32-D,,,KILOS,0.5,0.5,0.0,0.0,0.0,0.0,0.5,0.5,1 - ALMACEN PRODUCTO TERMINADO,2 - TITULO 2/32,True
15-24-11,VERDE OLIVO  4075  2/32-D,,,KILOS,0.5,0.5,0.0,0.0,0.0,0.0,0.5,0.5,1 - ALMACEN PRODUCTO TERMINADO,2 - TITULO 2/32,True
15-24-15,BLANCO  0010  2/32-D,,,KILOS,0.5,0.5,0.0,0.0,0.0,0.0,0.5,0.5,1 - ALMACEN PRODUCTO TERMINADO,2 - TITULO 2/32,True
15-24-31,CONFITE,2003,2/32,KILOS,0.5,0.5,0.0,0.0,0.0,0.0,0.5,0.5,1 - ALMACEN PRODUCTO TERMINADO,2 - TITULO 2/32,True
16-24-33,MORADO  7044  2/32-D,,,KILOS,0.5,0.5,0.0,0.0,0.0,0.0,0.5,0.5,1 - ALMACEN PRODUCTO TERMINADO,2 - TITULO 2/32,True
16-24-39,CARTON AMARILLO  6004  2/32-D,,,KILOS,0.5,0.5,0.0,0.0,0.0,0.0,0.5,0.5,1 - ALMACEN PRODUCTO TERMINADO,2 - TITULO 2/32,True
16-24-62,BLANCO  0010  2/32-D,,,KILOS,0.5,0.5,0.0,0.0,0.0,0.0,0.5,0.5,1 - ALMACEN PRODUCTO TERMINADO,2 - TITULO 2/32,True
17-24-16,GUINDO  3033  2/32-D,,,KILOS,0.5,0.5,0.0,0.0,0.0,0.0,0.5,0.5,1 - ALMACEN PRODUCTO TERMINADO,2 - TITULO 2/32,True
17-24-24,NARANJA  1013  2/32-D,,,KILOS,1.0,1.0,0.0,0.0,0.0,0.0,1.0,1.0,1 - ALMACEN PRODUCTO TERMINADO,2 - TITULO 2/32,True
17-24-69,AZUL PETROLEO  7009  2/32-D,,,KILOS,0.5,0.5,0.0,0.0,0.0,0.0,0.5,0.5,1 - ALMACEN PRODUCTO TERMINADO,2 - TITULO 2/32,True
18-24-22,BLANCO  0010  2/32-D,,,KILOS,0.5,0.5,0.0,0.0,0.0,0.0,0.5,0.5,1 - ALMACEN PRODUCTO TERMINADO,2 - TITULO 2/32,True
18-24-45,AZUL MARINO  7013  2/32-D,,,KILOS,0.5,0.5,0.0,0.0,0.0,0.0,0.5,0.5,1 - ALMACEN PRODUCTO TERMINADO,2 - TITULO 2/32,True
19-24-33,VICUÑA  6007  2/32-D,,,KILOS,0.5,0.5,0.0,0.0,0.0,0.0,0.5,0.5,1 - ALMACEN PRODUCTO TERMINADO,2 - TITULO 2/32,True
19-24-67,VERDE BOTELLA  4011  2/32-D,,,KILOS,0.5,0.5,0.0,0.0,0.0,0.0,0.5,0.5,1 - ALMACEN PRODUCTO TERMINADO,2 - TITULO 2/32,True
20-24-26,CONFITE  2003  2/32-D,,,KILOS,0.5,0.5,0.0,0.0,0.0,0.0,0.5,0.5,1 - ALMACEN PRODUCTO TERMINADO,2 - TITULO 2/32,True
20-24-84,VERDE BOTELLA  4011  2/32-D,,,KILOS,0.5,0.5,0.0,0.0,0.0,0.0,0.5,0.5,1 - ALMACEN PRODUCTO TERMINADO,2 - TITULO 2/32,True
21-24-09,BLANCO  0010  2/32-D,,,KILOS,3.0,3.0,0.0,0.0,0.0,0.0,3.0,3.0,1 - ALMACEN PRODUCTO TERMINADO,2 - TITULO 2/32,True
21-24-70,CLAVEL  3026  2/32-D,,,KILOS,1.0,1.0,0.0,0.0,0.0,0.0,1.0,1.0,1 - ALMACEN PRODUCTO TERMINADO,2 - TITULO 2/32,True
22-24-23,VICUÑA  6012  2/32-D,,,KILOS,0.5,0.5,0.0,0.0,0.0,0.0,0.5,0.5,1 - ALMACEN PRODUCTO TERMINADO,2 - TITULO 2/32,True
22-24-55,CICLAN OSC.  2016  2/32-D,,,KILOS,0.5,0.5,0.0,0.0,0.0,0.0,0.5,0.5,1 - ALMACEN PRODUCTO TERMINADO,2 - TITULO 2/32,True
22-24-66,CAFE OSC.  6014  2/32-D,,,KILOS,0.5,0.5,0.0,0.0,0.0,0.0,0.5,0.5,1 - ALMACEN PRODUCTO TERMINADO,2 - TITULO 2/32,True
22-24-75,ROJO  3006  2/32-D,,,KILOS,0.5,0.5,0.0,0.0,0.0,0.0,0.5,0.5,1 - ALMACEN PRODUCTO TERMINADO,2 - TITULO 2/32,True
24-24-12,VERDE BOTELLA  4011  2/32-D,,,KILOS,0.5,0.5,0.0,0.0,0.0,0.0,0.5,0.5,1 - ALMACEN PRODUCTO TERMINADO,2 - TITULO 2/32,True
24-24-46,MARFIL  0018  2/32-D,,,KILOS,1.0,1.0,0.0,0.0,0.0,0.0,1.0,1.0,1 - ALMACEN PRODUCTO TERMINADO,2 - TITULO 2/32,True
25-24-08,NEGRO  5000  2/32-D,,,KILOS,0.5,0.5,0.0,0.0,0.0,0.0,0.5,0.5,1 - ALMACEN PRODUCTO TERMINADO,2 - TITULO 2/32,True
25-24-40,AZUL PETROLEO  7009  2/32-D,,,KILOS,0.5,0.5,0.0,0.0,0.0,0.0,0.5,0.5,1 - ALMACEN PRODUCTO TERMINADO,2 - TITULO 2/32,True
26-24-04,MARFIL  0022  2/32-D,,,KILOS,0.5,0.5,0.0,0.0,0.0,0.0,0.5,0.5,1 - ALMACEN PRODUCTO TERMINADO,2 - TITULO 2/32,True
27-24-09,ROJO  3006  2/32-D,,,KILOS,4.5,4.5,0.0,0.0,0.0,0.0,4.5,4.5,1 - ALMACEN PRODUCTO TERMINADO,2 - TITULO 2/32,True
27-24-14,AMARILLO  0023  2/32-D,,,KILOS,0.5,0.5,0.0,0.0,0.0,0.0,0.5,0.5,1 - ALMACEN PRODUCTO TERMINADO,2 - TITULO 2/32,True
27-24-25,MARFIL  0022  2/32-D,,,KILOS,0.5,0.5,0.0,0.0,0.0,0.0,0.5,0.5,1 - ALMACEN PRODUCTO TERMINADO,2 - TITULO 2/32,True
27-24-41,CICLAN  2004  2/32-D,,,KILOS,2.0,2.0,0.0,0.0,0.0,0.0,2.0,2.0,1 - ALMACEN PRODUCTO TERMINADO,2 - TITULO 2/32,True
27-24-49,B. HUESO  6003  2/32-D,,,KILOS,18.5,18.5,0.0,0.0,0.0,0.0,18.5,18.5,1 - ALMACEN PRODUCTO TERMINADO,2 - TITULO 2/32,True
27-24-53,KANTUTA  3045  2/32-D,,,KILOS,0.5,0.5,0.0,0.0,0.0,0.0,0.5,0.5,1 - ALMACEN PRODUCTO TERMINADO,2 - TITULO 2/32,True
27-24-62,ROJO  3006  2/32-D,,,KILOS,0.5,0.5,0.0,0.0,0.0,0.0,0.5,0.5,1 - ALMACEN PRODUCTO TERMINADO,2 - TITULO 2/32,True
27-24-70,BEIGE CART  6002  2/32-D,,,KILOS,0.5,0.5,0.0,0.0,0.0,0.0,0.5,0.5,1 - ALMACEN PRODUCTO TERMINADO,2 - TITULO 2/32,True
27-24-72,AZUL MARINO  7013  2-32-D,,,KILOS,0.5,0.5,0.0,0.0,0.0,0.0,0.5,0.5,1 - ALMACEN PRODUCTO TERMINADO,2 - TITULO 2/32,True
27-45-24-01,GRISS  402  2/32-D,,,KILOS,0.5,0.5,0.0,0.0,0.0,0.0,0.5,0.5,1 - ALMACEN PRODUCTO TERMINADO,2 - TITULO 2/32,True
27-45-24-02,GRISS  402  2/32-D,,,KILOS,0.5,0.5,0.0,0.0,0.0,0.0,0.5,0.5,1 - ALMACEN PRODUCTO TERMINADO,2 - TITULO 2/32,True
27-45-24-07,GRISS  402  2/32-D,,,KILOS,0.5,0.5,0.0,0.0,0.0,0.0,0.5,0.5,1 - ALMACEN PRODUCTO TERMINADO,2 - TITULO 2/32,True
27-45-24-37,GRISS  402  2/32-D,,,KILOS,102.0,102.0,0.0,0.0,102.0,102.0,0.0,0.0,1 - ALMACEN PRODUCTO TERMINADO,2 - TITULO 2/32,True
27-45-24-43,GRISS  402  2/32-D,,,KILOS,85.0,85.0,0.0,0.0,85.0,85.0,0.0,0.0,1 - ALMACEN PRODUCTO TERMINADO,2 - TITULO 2/32,True
28-24-22,BEIGE  6002  2/32-D,,,KILOS,0.5,0.5,0.0,0.0,0.0,0.0,0.5,0.5,1 - ALMACEN PRODUCTO TERMINADO,2 - TITULO 2/32,True
28-24-31,BLANCO  0010  2/32-D,,,KILOS,0.5,0.5,0.0,0.0,0.0,0.0,0.5,0.5,1 - ALMACEN PRODUCTO TERMINADO,2 - TITULO 2/32,True
28-24-51,MARFIL  0018  2/32-D,,,KILOS,0.5,0.5,0.0,0.0,0.0,0.0,0.5,0.5,1 - ALMACEN PRODUCTO TERMINADO,2 - TITULO 2/32,True
29-24-06,BEIGE  6002  2/32-D,,,KILOS,0.5,0.5,0.0,0.0,0.0,0.0,0.5,0.5,1 - ALMACEN PRODUCTO TERMINADO,2 - TITULO 2/32,True
29-24-11,BLANCO  0010  2/32-D,,,KILOS,0.5,0.5,0.0,0.0,0.0,0.0,0.5,0.5,1 - ALMACEN PRODUCTO TERMINADO,2 - TITULO 2/32,True
29-24-43,MARFIL  0018  2/32-D,,,KILOS,0.5,0.5,0.0,0.0,0.0,0.0,0.5,0.5,1 - ALMACEN PRODUCTO TERMINADO,2 - TITULO 2/32,True
29-24-57,MORADO  7026  2/32-D,,,KILOS,0.5,0.5,0.0,0.0,0.0,0.0,0.5,0.5,1 - ALMACEN PRODUCTO TERMINADO,2 - TITULO 2/32,True
30-24-07,NEGRO  5000  2/32-D,,,KILOS,0.5,0.5,0.0,0.0,0.0,0.0,0.5,0.5,1 - ALMACEN PRODUCTO TERMINADO,2 - TITULO 2/32,True
30-24-14,VICUÑA  6011  2/32-D,,,KILOS,0.5,0.5,0.0,0.0,0.0,0.0,0.5,0.5,1 - ALMACEN PRODUCTO TERMINADO,2 - TITULO 2/32,True
30-24-26,NEGRO  5000  2/32-D,,,KILOS,0.5,0.5,0.0,0.0,0.0,0.0,0.5,0.5,1 - ALMACEN PRODUCTO TERMINADO,2 - TITULO 2/32,True
30-24-28,VICUÑA  6007  2/32-D,,,KILOS,0.5,0.5,0.0,0.0,0.0,0.0,0.5,0.5,1 - ALMACEN PRODUCTO TERMINADO,2 - TITULO 2/32,True
30-24-34,NEGRO  5000  2/32-D,,,KILOS,1.0,1.0,0.0,0.0,0.0,0.0,1.0,1.0,1 - ALMACEN PRODUCTO TERMINADO,2 - TITULO 2/32,True
30-24-39,BLANCO  0010  2/32-D,,,KILOS,0.5,0.5,0.0,0.0,0.0,0.0,0.5,0.5,1 - ALMACEN PRODUCTO TERMINADO,2 - TITULO 2/32,True
30-24-47,NARANJA  1023  2/32-D,,,KILOS,0.5,0.5,0.0,0.0,0.0,0.0,0.5,0.5,1 - ALMACEN PRODUCTO TERMINADO,2 - TITULO 2/32,True
30-24-59,AZUL PASTEL  7012  2/32-D,,,KILOS,0.5,0.5,0.0,0.0,0.0,0.0,0.5,0.5,1 - ALMACEN PRODUCTO TERMINADO,2 - TITULO 2/32,True
30-24-71,AZUL MARINO  7013  2/32-D,,,KILOS,0.5,0.5,0.0,0.0,0.0,0.0,0.5,0.5,1 - ALMACEN PRODUCTO TERMINADO,2 - TITULO 2/32,True
31-24-17,NARANJA  7013  2/32-D,,,KILOS,0.5,0.5,0.0,0.0,0.0,0.0,0.5,0.5,1 - ALMACEN PRODUCTO TERMINADO,2 - TITULO 2/32,True
31-24-34,CICLAN  2004  2/32-D,,,KILOS,0.5,0.5,0.0,0.0,0.0,0.0,0.5,0.5,1 - ALMACEN PRODUCTO TERMINADO,2 - TITULO 2/32,True
31-24-45,KANTUTA  3018  2/32-D,,,KILOS,0.5,0.5,0.0,0.0,0.0,0.0,0.5,0.5,1 - ALMACEN PRODUCTO TERMINADO,2 - TITULO 2/32,True
31-24-55,ROJO  3006  2/32-D,,,KILOS,0.5,0.5,0.0,0.0,0.0,0.0,0.5,0.5,1 - ALMACEN PRODUCTO TERMINADO,2 - TITULO 2/32,True
31-24-70,BEIGE  6002  2/32-D,,,KILOS,0.5,0.5,0.0,0.0,0.0,0.0,0.5,0.5,1 - ALMACEN PRODUCTO TERMINADO,2 - TITULO 2/32,True
32-24-02,AMARILLO  ORO  0016  2/32-D,,,KILOS,0.5,0.5,0.0,0.0,0.0,0.0,0.5,0.5,1 - ALMACEN PRODUCTO TERMINADO,2 - TITULO 2/32,True
32-24-09,KANTUTA  3045  2/32-D,,,KILOS,0.5,0.5,0.0,0.0,0.0,0.0,0.5,0.5,1 - ALMACEN PRODUCTO TERMINADO,2 - TITULO 2/32,True
32-24-13,GUINDO  3033  2/32-D,,,KILOS,0.5,0.5,0.0,0.0,0.0,0.0,0.5,0.5,1 - ALMACEN PRODUCTO TERMINADO,2 - TITULO 2/32,True
32-24-20,CEFE OSCURO  6014  2/32-D,,,KILOS,0.5,0.5,0.0,0.0,0.0,0.0,0.5,0.5,1 - ALMACEN PRODUCTO TERMINADO,2 - TITULO 2/32,True
32-24-79,AZUL PASTEL  7012  2/32-D,,,KILOS,0.5,0.5,0.0,0.0,0.0,0.0,0.5,0.5,1 - ALMACEN PRODUCTO TERMINADO,2 - TITULO 2/32,True
33-23-16,CAFE OSC.,6014,2/32,KILOS,0.5,0.5,0.0,0.0,0.0,0.0,0.5,0.5,1 - ALMACEN PRODUCTO TERMINADO,2 - TITULO 2/32,True
33-24-23,VERDE LECHUGA  4007  2/32-D,,,KILOS,0.5,0.5,0.0,0.0,0.0,0.0,0.5,0.5,1 - ALMACEN PRODUCTO TERMINADO,2 - TITULO 2/32,True
33-24-55,FUCSIA  3009  2/32-D,,,KILOS,0.5,0.5,0.0,0.0,0.0,0.0,0.5,0.5,1 - ALMACEN PRODUCTO TERMINADO,2 - TITULO 2/32,True
33-24-59,NEGRO  5000  2/32-D,,,KILOS,0.5,0.5,0.0,0.0,0.0,0.0,0.5,0.5,1 - ALMACEN PRODUCTO TERMINADO,2 - TITULO 2/32,True
34-23-53,CARTON AMARILLO,6004,2/32,KILOS,0.5,0.5,0.0,0.0,0.0,0.0,0.5,0.5,1 - ALMACEN PRODUCTO TERMINADO,2 - TITULO 2/32,True
34-23-66,VICUÑA,6007,2/32,KILOS,2.5,2.5,0.0,0.0,0.0,0.0,2.5,2.5,1 - ALMACEN PRODUCTO TERMINADO,2 - TITULO 2/32,True
34-24-01,AMARILLO ORO  0016  2/32-D,,,KILOS,0.5,0.5,0.0,0.0,0.0,0.0,0.5,0.5,1 - ALMACEN PRODUCTO TERMINADO,2 - TITULO 2/32,True
34-24-12,ROJO  3006  2/32-D,,,KILOS,0.5,0.5,0.0,0.0,0.0,0.0,0.5,0.5,1 - ALMACEN PRODUCTO TERMINADO,2 - TITULO 2/32,True
34-24-14,VERDE LECHUGA  4034  2/32-D,,,KILOS,0.5,0.5,0.0,0.0,0.0,0.0,0.5,0.5,1 - ALMACEN PRODUCTO TERMINADO,2 - TITULO 2/32,True
34-24-67,MARFIL  0018  2/32-D,,,KILOS,0.5,0.5,0.0,0.0,0.0,0.0,0.5,0.5,1 - ALMACEN PRODUCTO TERMINADO,2 - TITULO 2/32,True
35-24-51,BLANCO  0010  2/32-D,,,KILOS,0.5,0.5,0.0,0.0,0.0,0.0,0.5,0.5,1 - ALMACEN PRODUCTO TERMINADO,2 - TITULO 2/32,True
35-24-55,NARANJA  1023  2/32-D,,,KILOS,0.5,0.5,0.0,0.0,0.0,0.0,0.5,0.5,1 - ALMACEN PRODUCTO TERMINADO,2 - TITULO 2/32,True
35-24-72,AZUL PASTEL  7012  2/32-D,,,KILOS,0.5,0.5,0.0,0.0,0.0,0.0,0.5,0.5,1 - ALMACEN PRODUCTO TERMINADO,2 - TITULO 2/32,True
36-24-08,VICUÑA  6007  2/32-D,,,KILOS,0.5,0.5,0.0,0.0,0.0,0.0,0.5,0.5,1 - ALMACEN PRODUCTO TERMINADO,2 - TITULO 2/32,True
36-24-18,TERRACOTA  6031  2/32-D,,,KILOS,0.5,0.5,0.0,0.0,0.0,0.0,0.5,0.5,1 - ALMACEN PRODUCTO TERMINADO,2 - TITULO 2/32,True
36-24-27,AMARILLO ORO  0016  2/32-D,,,KILOS,0.5,0.5,0.0,0.0,0.0,0.0,0.5,0.5,1 - ALMACEN PRODUCTO TERMINADO,2 - TITULO 2/32,True
36-24-36,BLANCO  0010  2/32-D,,,KILOS,1.0,1.0,0.0,0.0,0.0,0.0,1.0,1.0,1 - ALMACEN PRODUCTO TERMINADO,2 - TITULO 2/32,True
36-24-74,VERDE LIMON  4051  2/32-D,,,KILOS,0.5,0.5,0.0,0.0,0.0,0.0,0.5,0.5,1 - ALMACEN PRODUCTO TERMINADO,2 - TITULO 2/32,True
37-23-57,CICLAN,2004,2/32,KILOS,0.5,0.5,0.0,0.0,0.0,0.0,0.5,0.5,1 - ALMACEN PRODUCTO TERMINADO,2 - TITULO 2/32,True
38-23-25,V. ESMERALDA,4022,2/32,KILOS,0.5,0.5,0.0,0.0,0.0,0.0,0.5,0.5,1 - ALMACEN PRODUCTO TERMINADO,2 - TITULO 2/32,True
38-23-38,PLOMO PLATA,8001,2/32,KILOS,1.0,1.0,0.0,0.0,0.0,0.0,1.0,1.0,1 - ALMACEN PRODUCTO TERMINADO,2 - TITULO 2/32,True
38-24-14,AZUL PETROLEO  7009  2/32-D,,,KILOS,0.5,0.5,0.0,0.0,0.0,0.0,0.5,0.5,1 - ALMACEN PRODUCTO TERMINADO,2 - TITULO 2/32,True
38-24-28,CONFITE  2008  2/32-D,,,KILOS,0.5,0.5,0.0,0.0,0.0,0.0,0.5,0.5,1 - ALMACEN PRODUCTO TERMINADO,2 - TITULO 2/32,True
38-24-51,GUINDO  3027  2/32-D,,,KILOS,0.5,0.5,0.0,0.0,0.0,0.0,0.5,0.5,1 - ALMACEN PRODUCTO TERMINADO,2 - TITULO 2/32,True
39-23-04,KANTUTA,3045,2/32,KILOS,0.5,0.5,0.0,0.0,0.0,0.0,0.5,0.5,1 - ALMACEN PRODUCTO TERMINADO,2 - TITULO 2/32,True
39-23-15,BLANCO,0010,2/32,KILOS,0.5,0.5,0.0,0.0,0.0,0.0,0.5,0.5,1 - ALMACEN PRODUCTO TERMINADO,2 - TITULO 2/32,True
39-23-55,AMARILLO ORO,0016,2/32,KILOS,0.5,0.5,0.0,0.0,0.0,0.0,0.5,0.5,1 - ALMACEN PRODUCTO TERMINADO,2 - TITULO 2/32,True
39-24-18,VERDE LECHUGA  4008  2/32-D,,,KILOS,0.5,0.5,0.0,0.0,0.0,0.0,0.5,0.5,1 - ALMACEN PRODUCTO TERMINADO,2 - TITULO 2/32,True
39-24-66,SALMON  3030  2/32-D,,,KILOS,0.5,0.5,0.0,0.0,0.0,0.0,0.5,0.5,1 - ALMACEN PRODUCTO TERMINADO,2 - TITULO 2/32,True
40-23-08,CAFE ROJISO,6013,2/32,KILOS,0.5,0.5,0.0,0.0,0.0,0.0,0.5,0.5,1 - ALMACEN PRODUCTO TERMINADO,2 - TITULO 2/32,True
40-23-71,PLOMO,8011,2/32,KILOS,0.5,0.5,0.0,0.0,0.0,0.0,0.5,0.5,1 - ALMACEN PRODUCTO TERMINADO,2 - TITULO 2/32,True
40-23-85-1,AZUL PASTEL,7012,2/32,KILOS,0.5,0.5,0.0,0.0,0.0,0.0,0.5,0.5,1 - ALMACEN PRODUCTO TERMINADO,2 - TITULO 2/32,True
40-24-01,VERDE LECHUGA  4034  2/32-D,,,KILOS,0.5,0.5,0.0,0.0,0.0,0.0,0.5,0.5,1 - ALMACEN PRODUCTO TERMINADO,2 - TITULO 2/32,True
41-24-03,AZUL PASTEL  7012  2/32-D,,,KILOS,0.5,0.5,0.0,0.0,0.0,0.0,0.5,0.5,1 - ALMACEN PRODUCTO TERMINADO,2 - TITULO 2/32,True
41-24-06,CALVEL  3034  2/32-D,,,KILOS,0.5,0.5,0.0,0.0,0.0,0.0,0.5,0.5,1 - ALMACEN PRODUCTO TERMINADO,2 - TITULO 2/32,True
41-24-09,VERDE BOTELLA  4011  2/32-D,,,KILOS,0.5,0.5,0.0,0.0,0.0,0.0,0.5,0.5,1 - ALMACEN PRODUCTO TERMINADO,2 - TITULO 2/32,True
41-24-19,NEGRO  5000  2/32-D,,,KILOS,0.5,0.5,0.0,0.0,0.0,0.0,0.5,0.5,1 - ALMACEN PRODUCTO TERMINADO,2 - TITULO 2/32,True
42-24-06,NEGRO  5000  2/32-D,,,KILOS,204.0,204.0,0.0,0.0,204.0,204.0,0.0,0.0,1 - ALMACEN PRODUCTO TERMINADO,2 - TITULO 2/32,True
42-24-36,NEGRO  5000  2/32-D,,,KILOS,0.5,0.5,0.0,0.0,0.0,0.0,0.5,0.5,1 - ALMACEN PRODUCTO TERMINADO,2 - TITULO 2/32,True
42-24-45,ROJO  3006  2/32-D,,,KILOS,0.5,0.5,0.0,0.0,0.0,0.0,0.5,0.5,1 - ALMACEN PRODUCTO TERMINADO,2 - TITULO 2/32,True
42-24-56,PLOMO RATON  8003  2/32-D,,,KILOS,0.5,0.5,0.0,0.0,0.0,0.0,0.5,0.5,1 - ALMACEN PRODUCTO TERMINADO,2 - TITULO 2/32,True
43-24-48,MUSGO  7044  2/32-D,,,KILOS,0.5,0.5,0.0,0.0,0.0,0.0,0.5,0.5,1 - ALMACEN PRODUCTO TERMINADO,2 - TITULO 2/32,True
44-24-41,CICLAN OSC.  2016  2/32-D,,,KILOS,0.5,0.5,0.0,0.0,0.0,0.0,0.5,0.5,1 - ALMACEN PRODUCTO TERMINADO,2 - TITULO 2/32,True
45-24-12,VICUÑA  6007  2/32-D,,,KILOS,1.0,1.0,0.0,0.0,0.0,0.0,1.0,1.0,1 - ALMACEN PRODUCTO TERMINADO,2 - TITULO 2/32,True
46-24-63,NEGRO  5000  2/32-D,,,KILOS,0.5,0.5,0.0,0.0,0.0,0.0,0.5,0.5,1 - ALMACEN PRODUCTO TERMINADO,2 - TITULO 2/32,True
46-24-70,BLANCO  0010  2/32-D,,,KILOS,1.5,1.5,0.0,0.0,0.0,0.0,1.5,1.5,1 - ALMACEN PRODUCTO TERMINADO,2 - TITULO 2/32,True
47-24-10,VICUÑA  6007  2/32-D,,,KILOS,24.0,24.0,0.0,0.0,0.0,0.0,24.0,24.0,1 - ALMACEN PRODUCTO TERMINADO,2 - TITULO 2/32,True
47-24-19,CAFE OSC.  6014  2/32-D,,,KILOS,203.5,203.5,0.0,0.0,203.5,203.5,0.0,0.0,1 - ALMACEN PRODUCTO TERMINADO,2 - TITULO 2/32,True
47-24-22,VICUÑA  6007  2/32-D,,,KILOS,0.0,0.0,204.0,204.0,200.5,200.5,3.5,3.5,1 - ALMACEN PRODUCTO TERMINADO,2 - TITULO 2/32,True
47-24-31,CLAVEL  3034  2/32-D,,,KILOS,0.0,0.0,204.0,204.0,203.5,203.5,0.5,0.5,1 - ALMACEN PRODUCTO TERMINADO,2 - TITULO 2/32,True
47-24-39,VERDE LIMON  4051  2/32-D,,,KILOS,0.0,0.0,204.0,204.0,204.0,204.0,0.0,0.0,1 - ALMACEN PRODUCTO TERMINADO,2 - TITULO 2/32,True
47-24-42,CARTON AMARILLO  6004  2/32-D,,,KILOS,0.0,0.0,204.0,204.0,177.0,177.0,27.0,27.0,1 - ALMACEN PRODUCTO TERMINADO,2 - TITULO 2/32,True
47-24-47,PLOMO  PLATA  8009  2/32-D,,,KILOS,0.0,0.0,204.5,204.5,186.0,186.0,18.5,18.5,1 - ALMACEN PRODUCTO TERMINADO,2 - TITULO 2/32,True
47-24-52,ROJO  3006  2/32-D,,,KILOS,0.0,0.0,203.5,203.5,203.5,203.5,0.0,0.0,1 - ALMACEN PRODUCTO TERMINADO,2 - TITULO 2/32,True
47-24-56,CONFITE  2003  2/32-D,,,KILOS,0.0,0.0,204.0,204.0,201.0,201.0,3.0,3.0,1 - ALMACEN PRODUCTO TERMINADO,2 - TITULO 2/32,True
47-24-61,MARFIL  0018  2/32-D,,,KILOS,0.0,0.0,204.5,204.5,204.0,204.0,0.5,0.5,1 - ALMACEN PRODUCTO TERMINADO,2 - TITULO 2/32,True
47-24-66,AZUL PETROLEO  7009  2/32-D,,,KILOS,0.0,0.0,204.0,204.0,204.0,204.0,0.0,0.0,1 - ALMACEN PRODUCTO TERMINADO,2 - TITULO 2/32,True
03-25-27,PLOMO PLATA  8001  2/32-D,,,KILOS,0.0,0.0,204.0,204.0,204.0,204.0,0.0,0.0,1 - ALMACEN PRODUCTO TERMINADO,4 - RECUPERADO,True
14-24-54,BLANCO  0010  CH,,,KILOS,1.0,1.0,0.0,0.0,0.0,0.0,1.0,1.0,1 - ALMACEN PRODUCTO TERMINADO,8 - TIPO CH,True
01-25-55,BEIGE,6039,4/9,KILOS,0.0,0.0,18.0,18.0,18.0,18.0,0.0,0.0,1 - ALMACEN PRODUCTO TERMINADO,27 - TITULO  4/9,True
01-25-56,MARFIL,0018,4/9,KILOS,0.0,0.0,18.0,18.0,18.0,18.0,0.0,0.0,1 - ALMACEN PRODUCTO TERMINADO,27 - TITULO  4/9,True
02-25-01,ROJO OSC.,3041,4/9,KILOS,0.0,0.0,18.0,18.0,18.0,18.0,0.0,0.0,1 - ALMACEN PRODUCTO TERMINADO,27 - TITULO  4/9,True
02-25-10,AM. CANARIO,0015,4/9,KILOS,0.0,0.0,18.0,18.0,18.0,18.0,0.0,0.0,1 - ALMACEN PRODUCTO TERMINADO,27 - TITULO  4/9,True
02-25-12,AZUL MARINO,7013,4/9,KILOS,0.0,0.0,18.0,18.0,18.0,18.0,0.0,0.0,1 - ALMACEN PRODUCTO TERMINADO,27 - TITULO  4/9,True
02-25-15,BLANCO,0010,4/9,KILOS,0.0,0.0,18.0,18.0,18.0,18.0,0.0,0.0,1 - ALMACEN PRODUCTO TERMINADO,27 - TITULO  4/9,True
02-25-19,NEGRO,5000,4/9,KILOS,0.0,0.0,18.0,18.0,18.0,18.0,0.0,0.0,1 - ALMACEN PRODUCTO TERMINADO,27 - TITULO  4/9,True
02-25-30,VICUÑA,6007,4/9,KILOS,0.0,0.0,18.0,18.0,18.0,18.0,0.0,0.0,1 - ALMACEN PRODUCTO TERMINADO,27 - TITULO  4/9,True
02-25-38,TERRACOTA,1007,4/9,KILOS,0.0,0.0,18.0,18.0,18.0,18.0,0.0,0.0,1 - ALMACEN PRODUCTO TERMINADO,27 - TITULO  4/9,True
02-25-45,CAFE OSCURO,6014,4/9,KILOS,0.0,0.0,18.0,18.0,18.0,18.0,0.0,0.0,1 - ALMACEN PRODUCTO TERMINADO,27 - TITULO  4/9,True
02-25-50,VERDE COCA,4036,4/9,KILOS,0.0,0.0,18.0,18.0,18.0,18.0,0.0,0.0,1 - ALMACEN PRODUCTO TERMINADO,27 - TITULO  4/9,True
02-25-56,AZUL FRANCIA,7007,4/9,KILOS,0.0,0.0,18.0,18.0,18.0,18.0,0.0,0.0,1 - ALMACEN PRODUCTO TERMINADO,27 - TITULO  4/9,True
02-25-64,AZALEA,7039,4/9,KILOS,0.0,0.0,18.0,18.0,18.0,18.0,0.0,0.0,1 - ALMACEN PRODUCTO TERMINADO,27 - TITULO  4/9,True
02-25-78,CELESTE BOL.,7004,4/9,KILOS,0.0,0.0,18.0,18.0,18.0,18.0,0.0,0.0,1 - ALMACEN PRODUCTO TERMINADO,27 - TITULO  4/9,True
02-25-82,INTOCABLE,1004,4/9,KILOS,0.0,0.0,18.0,18.0,18.0,18.0,0.0,0.0,1 - ALMACEN PRODUCTO TERMINADO,27 - TITULO  4/9,True
03-25-03,VERDE OLIVO,4075,4/9,KILOS,0.0,0.0,18.0,18.0,18.0,18.0,0.0,0.0,1 - ALMACEN PRODUCTO TERMINADO,27 - TITULO  4/9,True
03-25-23,AZUL MARINO,7013,4/9,KILOS,0.0,0.0,18.0,18.0,18.0,18.0,0.0,0.0,1 - ALMACEN PRODUCTO TERMINADO,27 - TITULO  4/9,True
03-25-36,NEGRO,5000,4/9,KILOS,0.0,0.0,18.0,18.0,18.0,18.0,0.0,0.0,1 - ALMACEN PRODUCTO TERMINADO,27 - TITULO  4/9,True
03-25-49,ROJO  OSC.,3041,4/9,KILOS,0.0,0.0,18.0,18.0,18.0,18.0,0.0,0.0,1 - ALMACEN PRODUCTO TERMINADO,27 - TITULO  4/9,True
03-25-58,ROJO SOC.,3041,4/9,KILOS,0.0,0.0,18.0,18.0,0.0,0.0,18.0,18.0,1 - ALMACEN PRODUCTO TERMINADO,27 - TITULO  4/9,True
04-25-16,CAFE OSC.,6014,4/9,KILOS,0.0,0.0,18.0,18.0,0.0,0.0,18.0,18.0,1 - ALMACEN PRODUCTO TERMINADO,27 - TITULO  4/9,True
04-25-33,AZUL MARINO,7013,4/9,KILOS,0.0,0.0,18.0,18.0,0.0,0.0,18.0,18.0,1 - ALMACEN PRODUCTO TERMINADO,27 - TITULO  4/9,True
02-25-05,VICUÑA,6007,2/12,KILOS,0.0,0.0,200.0,200.0,200.0,200.0,0.0,0.0,1 - ALMACEN PRODUCTO TERMINADO,33 - TITULO 2/12,True
02-25-13,PERLA,0031,2/12,KILOS,0.0,0.0,200.0,200.0,200.0,200.0,0.0,0.0,1 - ALMACEN PRODUCTO TERMINADO,33 - TITULO 2/12,True
02-25-16,PERLA,0031,2/12,KILOS,0.0,0.0,200.0,200.0,200.0,200.0,0.0,0.0,1 - ALMACEN PRODUCTO TERMINADO,33 - TITULO 2/12,True
02-25-24,PERLA,0031,2/12,KILOS,0.0,0.0,200.0,200.0,200.0,200.0,0.0,0.0,1 - ALMACEN PRODUCTO TERMINADO,33 - TITULO 2/12,True
02-25-34,PERLA,0031,2/12,KILOS,0.0,0.0,200.0,200.0,200.0,200.0,0.0,0.0,1 - ALMACEN PRODUCTO TERMINADO,33 - TITULO 2/12,True
02-25-42,NEGRO,5000,2/12,KILOS,0.0,0.0,200.0,200.0,200.0,200.0,0.0,0.0,1 - ALMACEN PRODUCTO TERMINADO,33 - TITULO 2/12,True
02-25-52,PERLA,0031,2/12,KILOS,0.0,0.0,201.0,201.0,201.0,201.0,0.0,0.0,1 - ALMACEN PRODUCTO TERMINADO,33 - TITULO 2/12,True
02-25-58,PERLA,0031,2/12,KILOS,0.0,0.0,200.0,200.0,200.0,200.0,0.0,0.0,1 - ALMACEN PRODUCTO TERMINADO,33 - TITULO 2/12,True
02-25-65,PERLA,0031,2/12,KILOS,0.0,0.0,200.0,200.0,200.0,200.0,0.0,0.0,1 - ALMACEN PRODUCTO TERMINADO,33 - TITULO 2/12,True
02-25-68,PERLA,0031,2/12,KILOS,0.0,0.0,200.0,200.0,200.0,200.0,0.0,0.0,1 - ALMACEN PRODUCTO TERMINADO,33 - TITULO 2/12,True
02-25-80,PERLA,0031,2/12,KILOS,0.0,0.0,199.0,199.0,199.0,199.0,0.0,0.0,1 - ALMACEN PRODUCTO TERMINADO,33 - TITULO 2/12,True
02-25-84,PERLA,0031,2/12,KILOS,0.0,0.0,200.0,200.0,0.0,0.0,200.0,200.0,1 - ALMACEN PRODUCTO TERMINADO,33 - TITULO 2/12,True
03-25-17,PERLA,0031,2/12,KILOS,0.0,0.0,200.0,200.0,0.0,0.0,200.0,200.0,1 - ALMACEN PRODUCTO TERMINADO,33 - TITULO 2/12,True
03-25-29,PERLA,0031,2/12,KILOS,0.0,0.0,200.0,200.0,0.0,0.0,200.0,200.0,1 - ALMACEN PRODUCTO TERMINADO,33 - TITULO 2/12,True
03-25-35,PERLA,0031,2/12,KILOS,0.0,0.0,200.0,200.0,200.0,200.0,0.0,0.0,1 - ALMACEN PRODUCTO TERMINADO,33 - TITULO 2/12,True
03-25-47,PERLA,0031,2/12,KILOS,0.0,0.0,200.0,200.0,200.0,200.0,0.0,0.0,1 - ALMACEN PRODUCTO TERMINADO,33 - TITULO 2/12,True
03-25-56,PERLA,0031,2/12,KILOS,0.0,0.0,200.0,200.0,200.0,200.0,0.0,0.0,1 - ALMACEN PRODUCTO TERMINADO,33 - TITULO 2/12,True
04-25-05,PERLA,0031,2/12,KILOS,0.0,0.0,200.0,200.0,200.0,200.0,0.0,0.0,1 - ALMACEN PRODUCTO TERMINADO,33 - TITULO 2/12,True
04-25-11,PERLA,0031,2/12,KILOS,0.0,0.0,200.0,200.0,0.0,0.0,200.0,200.0,1 - ALMACEN PRODUCTO TERMINADO,33 - TITULO 2/12,True
04-25-23,NEGRO,5000,2/12,KILOS,0.0,0.0,200.0,200.0,0.0,0.0,200.0,200.0,1 - ALMACEN PRODUCTO TERMINADO,33 - TITULO 2/12,True
04-25-36,ARENA,6008,2/12,KILOS,0.0,0.0,200.0,200.0,0.0,0.0,200.0,200.0,1 - ALMACEN PRODUCTO TERMINADO,33 - TITULO 2/12,True
04-25-44,ARENA,6001,2/12,KILOS,0.0,0.0,200.0,200.0,0.0,0.0,200.0,200.0,1 - ALMACEN PRODUCTO TERMINADO,33 - TITULO 2/12,True
04-25-52,AZLAELA,7039,2/12,KILOS,0.0,0.0,199.0,199.0,0.0,0.0,199.0,199.0,1 - ALMACEN PRODUCTO TERMINADO,33 - TITULO 2/12,True
33-24-16,VICUÑA,6007,2/12,KILOS,10.0,10.0,0.0,0.0,10.0,10.0,0.0,0.0,1 - ALMACEN PRODUCTO TERMINADO,33 - TITULO 2/12,True
34-24-69,PLOMO PLATA,8001,2/12,KILOS,200.0,200.0,0.0,0.0,200.0,200.0,0.0,0.0,1 - ALMACEN PRODUCTO TERMINADO,33 - TITULO 2/12,True
35-24-18,NEGRO,5000,2/12,KILOS,4.0,4.0,0.0,0.0,4.0,4.0,0.0,0.0,1 - ALMACEN PRODUCTO TERMINADO,33 - TITULO 2/12,True
35-24-31,VICUÑA,6007,2/12,KILOS,13.0,13.0,0.0,0.0,13.0,13.0,0.0,0.0,1 - ALMACEN PRODUCTO TERMINADO,33 - TITULO 2/12,True
35-24-43,VICUÑA,6007,2/12,KILOS,10.0,10.0,0.0,0.0,10.0,10.0,0.0,0.0,1 - ALMACEN PRODUCTO TERMINADO,33 - TITULO 2/12,True
36-24-70,PLOMO PLATA,8001,2/12,KILOS,200.0,200.0,0.0,0.0,200.0,200.0,0.0,0.0,1 - ALMACEN PRODUCTO TERMINADO,33 - TITULO 2/12,True
37-24-03,VICUÑA,6007,2/12,KILOS,4.0,4.0,0.0,0.0,4.0,4.0,0.0,0.0,1 - ALMACEN PRODUCTO TERMINADO,33 - TITULO 2/12,True
37-24-11,CHOCOLATE,7030,2/12,KILOS,3.0,3.0,0.0,0.0,3.0,3.0,0.0,0.0,1 - ALMACEN PRODUCTO TERMINADO,33 - TITULO 2/12,True
37-27-24-04,GRIS,400,2/12,KILOS,165.0,165.0,0.0,0.0,0.0,0.0,165.0,165.0,1 - ALMACEN PRODUCTO TERMINADO,33 - TITULO 2/12,True
39-24-06,MENTA,4089,2/12,KILOS,1.0,1.0,0.0,0.0,1.0,1.0,0.0,0.0,1 - ALMACEN PRODUCTO TERMINADO,33 - TITULO 2/12,True
41-24-32,PERLA,0031,2/12,KILOS,1.0,1.0,0.0,0.0,1.0,1.0,0.0,0.0,1 - ALMACEN PRODUCTO TERMINADO,33 - TITULO 2/12,True
43-24-03,PLOMO OSC.,271,2/12,KILOS,5.0,5.0,0.0,0.0,5.0,5.0,0.0,0.0,1 - ALMACEN PRODUCTO TERMINADO,33 - TITULO 2/12,True
44-24-47,VICUÑA,6007,2/12,KILOS,3.0,3.0,0.0,0.0,3.0,3.0,0.0,0.0,1 - ALMACEN PRODUCTO TERMINADO,33 - TITULO 2/12,True
45-24-15,PERLA,0031,2/12,KILOS,1.0,1.0,0.0,0.0,1.0,1.0,0.0,0.0,1 - ALMACEN PRODUCTO TERMINADO,33 - TITULO 2/12,True
46-24-06,VICUÑA,6007,2/12,KILOS,0.0,0.0,15.0,15.0,15.0,15.0,0.0,0.0,1 - ALMACEN PRODUCTO TERMINADO,33 - TITULO 2/12,True
46-24-07,NEGRO,5000,2/12,KILOS,200.0,200.0,0.0,0.0,200.0,200.0,0.0,0.0,1 - ALMACEN PRODUCTO TERMINADO,33 - TITULO 2/12,True
02-20-24-08,GRISS,401,2/10,KILOS,1.0,1.0,0.0,0.0,0.0,0.0,1.0,1.0,1 - ALMACEN PRODUCTO TERMINADO,38 - TITULO 2/10,True
08-24-43,BEIGE CARTON,6002,2/10,KILOS,1.0,1.0,0.0,0.0,0.0,0.0,1.0,1.0,1 - ALMACEN PRODUCTO TERMINADO,38 - TITULO 2/10,True
10-24-16,BLANCO,0010,2/10,KILOS,1.0,1.0,0.0,0.0,0.0,0.0,1.0,1.0,1 - ALMACEN PRODUCTO TERMINADO,38 - TITULO 2/10,True
10-24-24,CAFE OSCURO,6014,2/10,KILOS,4.0,4.0,0.0,0.0,0.0,0.0,4.0,4.0,1 - ALMACEN PRODUCTO TERMINADO,38 - TITULO 2/10,True
10-24-26,BEIGE,6039,2/10,JUEGO,4.0,4.0,0.0,0.0,0.0,0.0,4.0,4.0,1 - ALMACEN PRODUCTO TERMINADO,38 - TITULO 2/10,True
10-24-57,ROSADO BB,2022,2/10,KILOS,14.0,14.0,0.0,0.0,0.0,0.0,14.0,14.0,1 - ALMACEN PRODUCTO TERMINADO,38 - TITULO 2/10,True
27-24-27,VICUÑA,6007,2/10,KILOS,2.0,2.0,0.0,0.0,0.0,0.0,2.0,2.0,1 - ALMACEN PRODUCTO TERMINADO,38 - TITULO 2/10,True
27-24-32,AVIACION,7042,2/10,KILOS,5.0,5.0,0.0,0.0,0.0,0.0,5.0,5.0,1 - ALMACEN PRODUCTO TERMINADO,38 - TITULO 2/10,True
27-24-42,BEIGE,6039,2/10,KILOS,5.0,5.0,0.0,0.0,0.0,0.0,5.0,5.0,1 - ALMACEN PRODUCTO TERMINADO,38 - TITULO 2/10,True
29-24-53,VICUÑA,6007,2/10,KILOS,3.0,3.0,0.0,0.0,0.0,0.0,3.0,3.0,1 - ALMACEN PRODUCTO TERMINADO,38 - TITULO 2/10,True
38-24-46,VICUÑA,6049,2/10,KILOS,16.0,16.0,0.0,0.0,0.0,0.0,16.0,16.0,1 - ALMACEN PRODUCTO TERMINADO,38 - TITULO 2/10,True
38-24-47,VICUÑA,6007,2/10,KILOS,27.0,27.0,0.0,0.0,0.0,0.0,27.0,27.0,1 - ALMACEN PRODUCTO TERMINADO,38 - TITULO 2/10,True
38-24-57,VICUÑA,6007,2/10,KILOS,1.0,1.0,0.0,0.0,0.0,0.0,1.0,1.0,1 - ALMACEN PRODUCTO TERMINADO,38 - TITULO 2/10,True
39-23-09,CHOCOLATE,7030,2/10,KILOS,1.0,1.0,0.0,0.0,0.0,0.0,1.0,1.0,1 - ALMACEN PRODUCTO TERMINADO,38 - TITULO 2/10,True
44-24-23,VICUÑA,6047,2/10,KILOS,21.0,21.0,0.0,0.0,0.0,0.0,21.0,21.0,1 - ALMACEN PRODUCTO TERMINADO,38 - TITULO 2/10,True
13-20-24-01,GRISS  402  STOLL,,,KILOS,0.5,0.5,0.0,0.0,0.0,0.0,0.5,0.5,1 - ALMACEN PRODUCTO TERMINADO,45 - STOLL,True
13-24-27,BLANCO  0010  STOLL,,,KILOS,0.5,0.5,0.0,0.0,0.0,0.0,0.5,0.5,1 - ALMACEN PRODUCTO TERMINADO,45 - STOLL,True
32-24-33,NEGRO  5000  STOLL,,,KILOS,2.0,2.0,0.0,0.0,0.0,0.0,2.0,2.0,1 - ALMACEN PRODUCTO TERMINADO,45 - STOLL,True
33-24-01,AZUL MARINO  7013  STOLL,,,KILOS,1.0,1.0,0.0,0.0,0.0,0.0,1.0,1.0,1 - ALMACEN PRODUCTO TERMINADO,45 - STOLL,True
42-24-21,VERDE BOTELLA  4014  STOLL,,,KILOS,3.0,3.0,0.0,0.0,0.0,0.0,3.0,3.0,1 - ALMACEN PRODUCTO TERMINADO,45 - STOLL,True
42-24-53,KANTUTA  3045  STOLL,,,KILOS,4.0,4.0,0.0,0.0,0.0,0.0,4.0,4.0,1 - ALMACEN PRODUCTO TERMINADO,45 - STOLL,True
